{"nm":"Main Scene","ddd":0,"h":200,"w":200,"meta":{"g":"@lottiefiles/creator 1.45.1"},"layers":[{"ty":4,"nm":"Shape Layer 1","sr":1,"st":0,"op":55,"ip":0,"hd":false,"ddd":0,"bm":0,"hasMask":false,"ao":0,"ks":{"a":{"a":1,"k":[{"o":{"x":0,"y":0},"i":{"x":0.58,"y":1},"s":[17,10.5],"t":0},{"o":{"x":0,"y":0},"i":{"x":0.58,"y":1},"s":[17,10.5],"t":18},{"o":{"x":0,"y":0},"i":{"x":0.58,"y":1},"s":[20,12.5],"t":36},{"s":[17,10.5],"t":54}]},"s":{"a":1,"k":[{"o":{"x":0,"y":0},"i":{"x":0.58,"y":1},"s":[100,100],"t":0},{"o":{"x":0,"y":0},"i":{"x":0.58,"y":1},"s":[100,100],"t":18},{"o":{"x":0,"y":0},"i":{"x":0.58,"y":1},"s":[100,100],"t":36},{"s":[100,100],"t":54}]},"sk":{"a":0,"k":0},"p":{"a":1,"k":[{"o":{"x":0,"y":0},"i":{"x":0.58,"y":1},"s":[101.5,98],"t":0},{"o":{"x":0,"y":0},"i":{"x":0.58,"y":1},"s":[101.5,98],"t":18},{"o":{"x":0,"y":0},"i":{"x":0.58,"y":1},"s":[101.5,98],"t":36},{"s":[101.5,98],"t":54}]},"r":{"a":1,"k":[{"o":{"x":0,"y":0},"i":{"x":0.58,"y":1},"s":[0],"t":0},{"o":{"x":0,"y":0},"i":{"x":0.58,"y":1},"s":[0],"t":18},{"o":{"x":0,"y":0},"i":{"x":0.58,"y":1},"s":[0],"t":36},{"s":[0],"t":54}]},"sa":{"a":0,"k":0},"o":{"a":1,"k":[{"o":{"x":0,"y":0},"i":{"x":0.58,"y":1},"s":[100],"t":0},{"o":{"x":0,"y":0},"i":{"x":0.58,"y":1},"s":[100],"t":18},{"o":{"x":0,"y":0},"i":{"x":0.58,"y":1},"s":[100],"t":36},{"s":[100],"t":54}]}},"shapes":[{"ty":"sh","bm":0,"hd":false,"nm":"Path 1","d":1,"ks":{"a":1,"k":[{"o":{"x":0,"y":0},"i":{"x":0.58,"y":1},"s":[{"c":false,"i":[[0,0],[0,0],[0,0]],"o":[[0,0],[0,0],[0,0]],"v":[[0,9.6],[13.88,24],[37,0]]}],"t":0},{"o":{"x":0,"y":0},"i":{"x":0.58,"y":1},"s":[{"c":false,"i":[[0,0],[0,0],[0,0]],"o":[[0,0],[0,0],[0,0]],"v":[[0,9.6],[13.88,24],[37,0]]}],"t":18},{"o":{"x":0,"y":0},"i":{"x":0.58,"y":1},"s":[{"c":false,"i":[[0,0],[0,0],[0,0]],"o":[[0,0],[0,0],[0,0]],"v":[[0,11.2],[16.13,28],[43,0]]}],"t":36},{"s":[{"c":false,"i":[[0,0],[0,0],[0,0]],"o":[[0,0],[0,0],[0,0]],"v":[[0,9.6],[13.88,24],[37,0]]}],"t":54}]}},{"ty":"st","bm":0,"hd":false,"nm":"Stroke","lc":2,"lj":2,"ml":4,"o":{"a":1,"k":[{"o":{"x":0,"y":0},"i":{"x":0.58,"y":1},"s":[100],"t":0},{"o":{"x":0,"y":0},"i":{"x":0.58,"y":1},"s":[100],"t":18},{"o":{"x":0,"y":0},"i":{"x":0.58,"y":1},"s":[100],"t":36},{"s":[100],"t":54}]},"w":{"a":1,"k":[{"o":{"x":0,"y":0},"i":{"x":0.58,"y":1},"s":[6],"t":0},{"o":{"x":0,"y":0},"i":{"x":0.58,"y":1},"s":[6],"t":18},{"o":{"x":0,"y":0},"i":{"x":0.58,"y":1},"s":[6],"t":36},{"s":[6],"t":54}]},"c":{"a":1,"k":[{"o":{"x":0,"y":0},"i":{"x":0.58,"y":1},"s":[1,1,1],"t":0},{"o":{"x":0,"y":0},"i":{"x":0.58,"y":1},"s":[1,1,1],"t":18},{"o":{"x":0,"y":0},"i":{"x":0.58,"y":1},"s":[1,1,1],"t":36},{"s":[1,1,1],"t":54}]}}],"ind":1},{"ty":4,"nm":"Shape Layer 2","sr":1,"st":0,"op":55,"ip":0,"hd":false,"ddd":0,"bm":0,"hasMask":false,"ao":0,"ks":{"a":{"a":1,"k":[{"o":{"x":0,"y":0},"i":{"x":0.58,"y":1},"s":[48,48],"t":0},{"o":{"x":0,"y":0},"i":{"x":0.58,"y":1},"s":[48,48],"t":18},{"o":{"x":0,"y":0},"i":{"x":0.58,"y":1},"s":[50,50],"t":36},{"s":[48,48],"t":54}]},"s":{"a":1,"k":[{"o":{"x":0,"y":0},"i":{"x":0.58,"y":1},"s":[100,100],"t":0},{"o":{"x":0,"y":0},"i":{"x":0.58,"y":1},"s":[100,100],"t":18},{"o":{"x":0,"y":0},"i":{"x":0.58,"y":1},"s":[100,100],"t":36},{"s":[100,100],"t":54}]},"sk":{"a":0,"k":0},"p":{"a":1,"k":[{"o":{"x":0,"y":0},"i":{"x":0.58,"y":1},"s":[102,98],"t":0},{"o":{"x":0,"y":0},"i":{"x":0.58,"y":1},"s":[102,98],"t":18},{"o":{"x":0,"y":0},"i":{"x":0.58,"y":1},"s":[102,98],"t":36},{"s":[102,98],"t":54}]},"r":{"a":1,"k":[{"o":{"x":0,"y":0},"i":{"x":0.58,"y":1},"s":[0],"t":0},{"o":{"x":0,"y":0},"i":{"x":0.58,"y":1},"s":[0],"t":18},{"o":{"x":0,"y":0},"i":{"x":0.58,"y":1},"s":[0],"t":36},{"s":[0],"t":54}]},"sa":{"a":0,"k":0},"o":{"a":1,"k":[{"o":{"x":0,"y":0},"i":{"x":0.58,"y":1},"s":[100],"t":0},{"o":{"x":0,"y":0},"i":{"x":0.58,"y":1},"s":[100],"t":18},{"o":{"x":0,"y":0},"i":{"x":0.58,"y":1},"s":[100],"t":36},{"s":[100],"t":54}]}},"shapes":[{"ty":"sh","bm":0,"hd":false,"nm":"Path 2","d":1,"ks":{"a":1,"k":[{"o":{"x":0,"y":0},"i":{"x":0.58,"y":1},"s":[{"c":true,"i":[[0,0],[-26.51,0],[0,-26.51],[26.51,0],[0,26.51]],"o":[[0,-26.51],[26.51,0],[0,26.51],[-26.51,0],[0,0]],"v":[[0,48],[48,0],[96,48],[48,96],[0,48]]}],"t":0},{"o":{"x":0,"y":0},"i":{"x":0.58,"y":1},"s":[{"c":true,"i":[[0,0],[-26.51,0],[0,-26.51],[26.51,0],[0,26.51]],"o":[[0,-26.51],[26.51,0],[0,26.51],[-26.51,0],[0,0]],"v":[[0,48],[48,0],[96,48],[48,96],[0,48]]}],"t":18},{"o":{"x":0,"y":0},"i":{"x":0.58,"y":1},"s":[{"c":true,"i":[[0,0],[-27.61,0],[0,-27.61],[27.61,0],[0,27.61]],"o":[[0,-27.61],[27.61,0],[0,27.61],[-27.61,0],[0,0]],"v":[[0,50],[50,0],[100,50],[50,100],[0,50]]}],"t":36},{"s":[{"c":true,"i":[[0,0],[-26.51,0],[0,-26.51],[26.51,0],[0,26.51]],"o":[[0,-26.51],[26.51,0],[0,26.51],[-26.51,0],[0,0]],"v":[[0,48],[48,0],[96,48],[48,96],[0,48]]}],"t":54}]}},{"ty":"fl","bm":0,"hd":false,"nm":"Fill","c":{"a":1,"k":[{"o":{"x":0,"y":0},"i":{"x":0.58,"y":1},"s":[0.0235,0.8196,0.7608],"t":0},{"o":{"x":0,"y":0},"i":{"x":0.58,"y":1},"s":[0.0235,0.8196,0.7608],"t":18},{"o":{"x":0,"y":0},"i":{"x":0.58,"y":1},"s":[0.0235,0.8196,0.7608],"t":36},{"s":[0.0235,0.8196,0.7608],"t":54}]},"r":1,"o":{"a":1,"k":[{"o":{"x":0,"y":0},"i":{"x":0.58,"y":1},"s":[100],"t":0},{"o":{"x":0,"y":0},"i":{"x":0.58,"y":1},"s":[100],"t":18},{"o":{"x":0,"y":0},"i":{"x":0.58,"y":1},"s":[100],"t":36},{"s":[100],"t":54}]}}],"ind":2},{"ty":4,"nm":"Shape Layer 3","sr":1,"st":0,"op":55,"ip":0,"hd":false,"ddd":0,"bm":0,"hasMask":false,"ao":0,"ks":{"a":{"a":1,"k":[{"o":{"x":0,"y":0},"i":{"x":0.58,"y":1},"s":[2.5,2.5],"t":0},{"o":{"x":0,"y":0},"i":{"x":0.58,"y":1},"s":[2.5,2.5],"t":18},{"o":{"x":0,"y":0},"i":{"x":0.58,"y":1},"s":[2.5,2.5],"t":36},{"s":[2.5,2.5],"t":54}]},"s":{"a":1,"k":[{"o":{"x":0,"y":0},"i":{"x":0.58,"y":1},"s":[100,100],"t":0},{"o":{"x":0,"y":0},"i":{"x":0.58,"y":1},"s":[100,100],"t":18},{"o":{"x":0,"y":0},"i":{"x":0.58,"y":1},"s":[100,100],"t":36},{"s":[100,100],"t":54}]},"sk":{"a":0,"k":0},"p":{"a":1,"k":[{"o":{"x":0,"y":0},"i":{"x":0.58,"y":1},"s":[101.5,62.5],"t":0},{"o":{"x":0,"y":0},"i":{"x":0.58,"y":1},"s":[101.5,62.5],"t":18},{"o":{"x":0,"y":0},"i":{"x":0.58,"y":1},"s":[101.5,37.5],"t":36},{"s":[100.5,32.5],"t":54}]},"r":{"a":1,"k":[{"o":{"x":0,"y":0},"i":{"x":0.58,"y":1},"s":[0],"t":0},{"o":{"x":0,"y":0},"i":{"x":0.58,"y":1},"s":[0],"t":18},{"o":{"x":0,"y":0},"i":{"x":0.58,"y":1},"s":[0],"t":36},{"s":[0],"t":54}]},"sa":{"a":0,"k":0},"o":{"a":1,"k":[{"o":{"x":0,"y":0},"i":{"x":0.58,"y":1},"s":[100],"t":0},{"o":{"x":0,"y":0},"i":{"x":0.58,"y":1},"s":[100],"t":18},{"o":{"x":0,"y":0},"i":{"x":0.58,"y":1},"s":[100],"t":36},{"s":[0],"t":54}]}},"shapes":[{"ty":"sh","bm":0,"hd":false,"nm":"Path 3","d":1,"ks":{"a":1,"k":[{"o":{"x":0,"y":0},"i":{"x":0.58,"y":1},"s":[{"c":true,"i":[[-1.38,0],[0,-1.38],[1.38,0],[0,1.38]],"o":[[1.38,0],[0,1.38],[-1.38,0],[0,-1.38]],"v":[[2.5,0],[5,2.5],[2.5,5],[0,2.5]]}],"t":0},{"o":{"x":0,"y":0},"i":{"x":0.58,"y":1},"s":[{"c":true,"i":[[-1.38,0],[0,-1.38],[1.38,0],[0,1.38]],"o":[[1.38,0],[0,1.38],[-1.38,0],[0,-1.38]],"v":[[2.5,0],[5,2.5],[2.5,5],[0,2.5]]}],"t":18},{"o":{"x":0,"y":0},"i":{"x":0.58,"y":1},"s":[{"c":true,"i":[[-1.38,0],[0,-1.38],[1.38,0],[0,1.38]],"o":[[1.38,0],[0,1.38],[-1.38,0],[0,-1.38]],"v":[[2.5,0],[5,2.5],[2.5,5],[0,2.5]]}],"t":36},{"s":[{"c":true,"i":[[-1.38,0],[0,-1.38],[1.38,0],[0,1.38]],"o":[[1.38,0],[0,1.38],[-1.38,0],[0,-1.38]],"v":[[2.5,0],[5,2.5],[2.5,5],[0,2.5]]}],"t":54}]}},{"ty":"fl","bm":0,"hd":false,"nm":"Fill","c":{"a":1,"k":[{"o":{"x":0,"y":0},"i":{"x":0.58,"y":1},"s":[1,0.4,0.5098],"t":0},{"o":{"x":0,"y":0},"i":{"x":0.58,"y":1},"s":[1,0.4,0.5098],"t":18},{"o":{"x":0,"y":0},"i":{"x":0.58,"y":1},"s":[1,0.4,0.5098],"t":36},{"s":[1,0.4,0.5098],"t":54}]},"r":1,"o":{"a":1,"k":[{"o":{"x":0,"y":0},"i":{"x":0.58,"y":1},"s":[100],"t":0},{"o":{"x":0,"y":0},"i":{"x":0.58,"y":1},"s":[100],"t":18},{"o":{"x":0,"y":0},"i":{"x":0.58,"y":1},"s":[100],"t":36},{"s":[100],"t":54}]}}],"ind":3},{"ty":4,"nm":"Shape Layer 4","sr":1,"st":0,"op":55,"ip":0,"hd":false,"ddd":0,"bm":0,"hasMask":false,"ao":0,"ks":{"a":{"a":1,"k":[{"o":{"x":0,"y":0},"i":{"x":0.58,"y":1},"s":[2.5,2.5],"t":0},{"o":{"x":0,"y":0},"i":{"x":0.58,"y":1},"s":[2.5,2.5],"t":18},{"o":{"x":0,"y":0},"i":{"x":0.58,"y":1},"s":[2.5,2.5],"t":36},{"s":[2.5,2.5],"t":54}]},"s":{"a":1,"k":[{"o":{"x":0,"y":0},"i":{"x":0.58,"y":1},"s":[100,100],"t":0},{"o":{"x":0,"y":0},"i":{"x":0.58,"y":1},"s":[100,100],"t":18},{"o":{"x":0,"y":0},"i":{"x":0.58,"y":1},"s":[100,100],"t":36},{"s":[100,100],"t":54}]},"sk":{"a":0,"k":0},"p":{"a":1,"k":[{"o":{"x":0,"y":0},"i":{"x":0.58,"y":1},"s":[100.5,127.5],"t":0},{"o":{"x":0,"y":0},"i":{"x":0.58,"y":1},"s":[100.5,127.5],"t":18},{"o":{"x":0,"y":0},"i":{"x":0.58,"y":1},"s":[101.5,162.5],"t":36},{"s":[98.5,169.5],"t":54}]},"r":{"a":1,"k":[{"o":{"x":0,"y":0},"i":{"x":0.58,"y":1},"s":[0],"t":0},{"o":{"x":0,"y":0},"i":{"x":0.58,"y":1},"s":[0],"t":18},{"o":{"x":0,"y":0},"i":{"x":0.58,"y":1},"s":[0],"t":36},{"s":[0],"t":54}]},"sa":{"a":0,"k":0},"o":{"a":1,"k":[{"o":{"x":0,"y":0},"i":{"x":0.58,"y":1},"s":[100],"t":0},{"o":{"x":0,"y":0},"i":{"x":0.58,"y":1},"s":[100],"t":18},{"o":{"x":0,"y":0},"i":{"x":0.58,"y":1},"s":[100],"t":36},{"s":[0],"t":54}]}},"shapes":[{"ty":"sh","bm":0,"hd":false,"nm":"Path 4","d":1,"ks":{"a":1,"k":[{"o":{"x":0,"y":0},"i":{"x":0.58,"y":1},"s":[{"c":true,"i":[[-1.38,0],[0,-1.38],[1.38,0],[0,1.38]],"o":[[1.38,0],[0,1.38],[-1.38,0],[0,-1.38]],"v":[[2.5,0],[5,2.5],[2.5,5],[0,2.5]]}],"t":0},{"o":{"x":0,"y":0},"i":{"x":0.58,"y":1},"s":[{"c":true,"i":[[-1.38,0],[0,-1.38],[1.38,0],[0,1.38]],"o":[[1.38,0],[0,1.38],[-1.38,0],[0,-1.38]],"v":[[2.5,0],[5,2.5],[2.5,5],[0,2.5]]}],"t":18},{"o":{"x":0,"y":0},"i":{"x":0.58,"y":1},"s":[{"c":true,"i":[[-1.38,0],[0,-1.38],[1.38,0],[0,1.38]],"o":[[1.38,0],[0,1.38],[-1.38,0],[0,-1.38]],"v":[[2.5,0],[5,2.5],[2.5,5],[0,2.5]]}],"t":36},{"s":[{"c":true,"i":[[-1.38,0],[0,-1.38],[1.38,0],[0,1.38]],"o":[[1.38,0],[0,1.38],[-1.38,0],[0,-1.38]],"v":[[2.5,0],[5,2.5],[2.5,5],[0,2.5]]}],"t":54}]}},{"ty":"fl","bm":0,"hd":false,"nm":"Fill","c":{"a":1,"k":[{"o":{"x":0,"y":0},"i":{"x":0.58,"y":1},"s":[1,0.4,0.5098],"t":0},{"o":{"x":0,"y":0},"i":{"x":0.58,"y":1},"s":[1,0.4,0.5098],"t":18},{"o":{"x":0,"y":0},"i":{"x":0.58,"y":1},"s":[1,0.4,0.5098],"t":36},{"s":[1,0.4,0.5098],"t":54}]},"r":1,"o":{"a":1,"k":[{"o":{"x":0,"y":0},"i":{"x":0.58,"y":1},"s":[100],"t":0},{"o":{"x":0,"y":0},"i":{"x":0.58,"y":1},"s":[100],"t":18},{"o":{"x":0,"y":0},"i":{"x":0.58,"y":1},"s":[100],"t":36},{"s":[100],"t":54}]}}],"ind":4},{"ty":4,"nm":"Shape Layer 5","sr":1,"st":0,"op":55,"ip":0,"hd":false,"ddd":0,"bm":0,"hasMask":false,"ao":0,"ks":{"a":{"a":1,"k":[{"o":{"x":0,"y":0},"i":{"x":0.58,"y":1},"s":[4.5,4.5],"t":0},{"o":{"x":0,"y":0},"i":{"x":0.58,"y":1},"s":[4.5,4.5],"t":18},{"o":{"x":0,"y":0},"i":{"x":0.58,"y":1},"s":[4.5,4.5],"t":36},{"s":[4.5,4.5],"t":54}]},"s":{"a":1,"k":[{"o":{"x":0,"y":0},"i":{"x":0.58,"y":1},"s":[100,100],"t":0},{"o":{"x":0,"y":0},"i":{"x":0.58,"y":1},"s":[100,100],"t":18},{"o":{"x":0,"y":0},"i":{"x":0.58,"y":1},"s":[100,100],"t":36},{"s":[100,100],"t":54}]},"sk":{"a":0,"k":0},"p":{"a":1,"k":[{"o":{"x":0,"y":0},"i":{"x":0.58,"y":1},"s":[75.5,125.5],"t":0},{"o":{"x":0,"y":0},"i":{"x":0.58,"y":1},"s":[75.5,125.5],"t":18},{"o":{"x":0,"y":0},"i":{"x":0.58,"y":1},"s":[52.5,151.5],"t":36},{"s":[41.5,160.5],"t":54}]},"r":{"a":1,"k":[{"o":{"x":0,"y":0},"i":{"x":0.58,"y":1},"s":[0],"t":0},{"o":{"x":0,"y":0},"i":{"x":0.58,"y":1},"s":[0],"t":18},{"o":{"x":0,"y":0},"i":{"x":0.58,"y":1},"s":[0],"t":36},{"s":[0],"t":54}]},"sa":{"a":0,"k":0},"o":{"a":1,"k":[{"o":{"x":0,"y":0},"i":{"x":0.58,"y":1},"s":[100],"t":0},{"o":{"x":0,"y":0},"i":{"x":0.58,"y":1},"s":[100],"t":18},{"o":{"x":0,"y":0},"i":{"x":0.58,"y":1},"s":[100],"t":36},{"s":[0],"t":54}]}},"shapes":[{"ty":"sh","bm":0,"hd":false,"nm":"Path 5","d":1,"ks":{"a":1,"k":[{"o":{"x":0,"y":0},"i":{"x":0.58,"y":1},"s":[{"c":true,"i":[[-2.48,0],[0,-2.48],[2.48,0],[0,2.48]],"o":[[2.48,0],[0,2.48],[-2.48,0],[0,-2.48]],"v":[[4.5,0],[9,4.5],[4.5,9],[0,4.5]]}],"t":0},{"o":{"x":0,"y":0},"i":{"x":0.58,"y":1},"s":[{"c":true,"i":[[-2.48,0],[0,-2.48],[2.48,0],[0,2.48]],"o":[[2.48,0],[0,2.48],[-2.48,0],[0,-2.48]],"v":[[4.5,0],[9,4.5],[4.5,9],[0,4.5]]}],"t":18},{"o":{"x":0,"y":0},"i":{"x":0.58,"y":1},"s":[{"c":true,"i":[[-2.48,0],[0,-2.48],[2.48,0],[0,2.48]],"o":[[2.48,0],[0,2.48],[-2.48,0],[0,-2.48]],"v":[[4.5,0],[9,4.5],[4.5,9],[0,4.5]]}],"t":36},{"s":[{"c":true,"i":[[-2.48,0],[0,-2.48],[2.48,0],[0,2.48]],"o":[[2.48,0],[0,2.48],[-2.48,0],[0,-2.48]],"v":[[4.5,0],[9,4.5],[4.5,9],[0,4.5]]}],"t":54}]}},{"ty":"fl","bm":0,"hd":false,"nm":"Fill","c":{"a":1,"k":[{"o":{"x":0,"y":0},"i":{"x":0.58,"y":1},"s":[0.0235,0.8196,0.7608],"t":0},{"o":{"x":0,"y":0},"i":{"x":0.58,"y":1},"s":[0.0235,0.8196,0.7608],"t":18},{"o":{"x":0,"y":0},"i":{"x":0.58,"y":1},"s":[0.0235,0.8196,0.7608],"t":36},{"s":[0.0235,0.8196,0.7608],"t":54}]},"r":1,"o":{"a":1,"k":[{"o":{"x":0,"y":0},"i":{"x":0.58,"y":1},"s":[100],"t":0},{"o":{"x":0,"y":0},"i":{"x":0.58,"y":1},"s":[100],"t":18},{"o":{"x":0,"y":0},"i":{"x":0.58,"y":1},"s":[100],"t":36},{"s":[100],"t":54}]}}],"ind":5},{"ty":4,"nm":"Shape Layer 6","sr":1,"st":0,"op":55,"ip":0,"hd":false,"ddd":0,"bm":0,"hasMask":false,"ao":0,"ks":{"a":{"a":1,"k":[{"o":{"x":0,"y":0},"i":{"x":0.58,"y":1},"s":[4.5,4.5],"t":0},{"o":{"x":0,"y":0},"i":{"x":0.58,"y":1},"s":[4.5,4.5],"t":18},{"o":{"x":0,"y":0},"i":{"x":0.58,"y":1},"s":[4.5,4.5],"t":36},{"s":[4.5,4.5],"t":54}]},"s":{"a":1,"k":[{"o":{"x":0,"y":0},"i":{"x":0.58,"y":1},"s":[100,100],"t":0},{"o":{"x":0,"y":0},"i":{"x":0.58,"y":1},"s":[100,100],"t":18},{"o":{"x":0,"y":0},"i":{"x":0.58,"y":1},"s":[100,100],"t":36},{"s":[100,100],"t":54}]},"sk":{"a":0,"k":0},"p":{"a":1,"k":[{"o":{"x":0,"y":0},"i":{"x":0.58,"y":1},"s":[110.5,129.5],"t":0},{"o":{"x":0,"y":0},"i":{"x":0.58,"y":1},"s":[110.5,129.5],"t":18},{"o":{"x":0,"y":0},"i":{"x":0.58,"y":1},"s":[116.5,167.5],"t":36},{"s":[120.5,178.5],"t":54}]},"r":{"a":1,"k":[{"o":{"x":0,"y":0},"i":{"x":0.58,"y":1},"s":[0],"t":0},{"o":{"x":0,"y":0},"i":{"x":0.58,"y":1},"s":[0],"t":18},{"o":{"x":0,"y":0},"i":{"x":0.58,"y":1},"s":[0],"t":36},{"s":[0],"t":54}]},"sa":{"a":0,"k":0},"o":{"a":1,"k":[{"o":{"x":0,"y":0},"i":{"x":0.58,"y":1},"s":[100],"t":0},{"o":{"x":0,"y":0},"i":{"x":0.58,"y":1},"s":[100],"t":18},{"o":{"x":0,"y":0},"i":{"x":0.58,"y":1},"s":[100],"t":36},{"s":[0],"t":54}]}},"shapes":[{"ty":"sh","bm":0,"hd":false,"nm":"Path 6","d":1,"ks":{"a":1,"k":[{"o":{"x":0,"y":0},"i":{"x":0.58,"y":1},"s":[{"c":true,"i":[[-2.48,0],[0,-2.48],[2.48,0],[0,2.48]],"o":[[2.48,0],[0,2.48],[-2.48,0],[0,-2.48]],"v":[[4.5,0],[9,4.5],[4.5,9],[0,4.5]]}],"t":0},{"o":{"x":0,"y":0},"i":{"x":0.58,"y":1},"s":[{"c":true,"i":[[-2.48,0],[0,-2.48],[2.48,0],[0,2.48]],"o":[[2.48,0],[0,2.48],[-2.48,0],[0,-2.48]],"v":[[4.5,0],[9,4.5],[4.5,9],[0,4.5]]}],"t":18},{"o":{"x":0,"y":0},"i":{"x":0.58,"y":1},"s":[{"c":true,"i":[[-2.48,0],[0,-2.48],[2.48,0],[0,2.48]],"o":[[2.48,0],[0,2.48],[-2.48,0],[0,-2.48]],"v":[[4.5,0],[9,4.5],[4.5,9],[0,4.5]]}],"t":36},{"s":[{"c":true,"i":[[-2.48,0],[0,-2.48],[2.48,0],[0,2.48]],"o":[[2.48,0],[0,2.48],[-2.48,0],[0,-2.48]],"v":[[4.5,0],[9,4.5],[4.5,9],[0,4.5]]}],"t":54}]}},{"ty":"fl","bm":0,"hd":false,"nm":"Fill","c":{"a":1,"k":[{"o":{"x":0,"y":0},"i":{"x":0.58,"y":1},"s":[0.1725,0.451,0.851],"t":0},{"o":{"x":0,"y":0},"i":{"x":0.58,"y":1},"s":[0.1725,0.451,0.851],"t":18},{"o":{"x":0,"y":0},"i":{"x":0.58,"y":1},"s":[0.1725,0.451,0.851],"t":36},{"s":[0.1725,0.451,0.851],"t":54}]},"r":1,"o":{"a":1,"k":[{"o":{"x":0,"y":0},"i":{"x":0.58,"y":1},"s":[100],"t":0},{"o":{"x":0,"y":0},"i":{"x":0.58,"y":1},"s":[100],"t":18},{"o":{"x":0,"y":0},"i":{"x":0.58,"y":1},"s":[100],"t":36},{"s":[100],"t":54}]}}],"ind":6},{"ty":4,"nm":"Shape Layer 7","sr":1,"st":0,"op":55,"ip":0,"hd":false,"ddd":0,"bm":0,"hasMask":false,"ao":0,"ks":{"a":{"a":1,"k":[{"o":{"x":0,"y":0},"i":{"x":0.58,"y":1},"s":[4.5,4.5],"t":0},{"o":{"x":0,"y":0},"i":{"x":0.58,"y":1},"s":[4.5,4.5],"t":18},{"o":{"x":0,"y":0},"i":{"x":0.58,"y":1},"s":[4.5,4.5],"t":36},{"s":[4.5,4.5],"t":54}]},"s":{"a":1,"k":[{"o":{"x":0,"y":0},"i":{"x":0.58,"y":1},"s":[100,100],"t":0},{"o":{"x":0,"y":0},"i":{"x":0.58,"y":1},"s":[100,100],"t":18},{"o":{"x":0,"y":0},"i":{"x":0.58,"y":1},"s":[100,100],"t":36},{"s":[100,100],"t":54}]},"sk":{"a":0,"k":0},"p":{"a":1,"k":[{"o":{"x":0,"y":0},"i":{"x":0.58,"y":1},"s":[133.5,93.5],"t":0},{"o":{"x":0,"y":0},"i":{"x":0.58,"y":1},"s":[133.5,93.5],"t":18},{"o":{"x":0,"y":0},"i":{"x":0.58,"y":1},"s":[162.5,93.5],"t":36},{"s":[171.5,93.5],"t":54}]},"r":{"a":1,"k":[{"o":{"x":0,"y":0},"i":{"x":0.58,"y":1},"s":[0],"t":0},{"o":{"x":0,"y":0},"i":{"x":0.58,"y":1},"s":[0],"t":18},{"o":{"x":0,"y":0},"i":{"x":0.58,"y":1},"s":[0],"t":36},{"s":[0],"t":54}]},"sa":{"a":0,"k":0},"o":{"a":1,"k":[{"o":{"x":0,"y":0},"i":{"x":0.58,"y":1},"s":[100],"t":0},{"o":{"x":0,"y":0},"i":{"x":0.58,"y":1},"s":[100],"t":18},{"o":{"x":0,"y":0},"i":{"x":0.58,"y":1},"s":[100],"t":36},{"s":[0],"t":54}]}},"shapes":[{"ty":"sh","bm":0,"hd":false,"nm":"Path 7","d":1,"ks":{"a":1,"k":[{"o":{"x":0,"y":0},"i":{"x":0.58,"y":1},"s":[{"c":true,"i":[[-2.48,0],[0,-2.48],[2.48,0],[0,2.48]],"o":[[2.48,0],[0,2.48],[-2.48,0],[0,-2.48]],"v":[[4.5,0],[9,4.5],[4.5,9],[0,4.5]]}],"t":0},{"o":{"x":0,"y":0},"i":{"x":0.58,"y":1},"s":[{"c":true,"i":[[-2.48,0],[0,-2.48],[2.48,0],[0,2.48]],"o":[[2.48,0],[0,2.48],[-2.48,0],[0,-2.48]],"v":[[4.5,0],[9,4.5],[4.5,9],[0,4.5]]}],"t":18},{"o":{"x":0,"y":0},"i":{"x":0.58,"y":1},"s":[{"c":true,"i":[[-2.48,0],[0,-2.48],[2.48,0],[0,2.48]],"o":[[2.48,0],[0,2.48],[-2.48,0],[0,-2.48]],"v":[[4.5,0],[9,4.5],[4.5,9],[0,4.5]]}],"t":36},{"s":[{"c":true,"i":[[-2.48,0],[0,-2.48],[2.48,0],[0,2.48]],"o":[[2.48,0],[0,2.48],[-2.48,0],[0,-2.48]],"v":[[4.5,0],[9,4.5],[4.5,9],[0,4.5]]}],"t":54}]}},{"ty":"fl","bm":0,"hd":false,"nm":"Fill","c":{"a":1,"k":[{"o":{"x":0,"y":0},"i":{"x":0.58,"y":1},"s":[0.1725,0.451,0.851],"t":0},{"o":{"x":0,"y":0},"i":{"x":0.58,"y":1},"s":[0.1725,0.451,0.851],"t":18},{"o":{"x":0,"y":0},"i":{"x":0.58,"y":1},"s":[0.1725,0.451,0.851],"t":36},{"s":[0.1725,0.451,0.851],"t":54}]},"r":1,"o":{"a":1,"k":[{"o":{"x":0,"y":0},"i":{"x":0.58,"y":1},"s":[100],"t":0},{"o":{"x":0,"y":0},"i":{"x":0.58,"y":1},"s":[100],"t":18},{"o":{"x":0,"y":0},"i":{"x":0.58,"y":1},"s":[100],"t":36},{"s":[100],"t":54}]}}],"ind":7},{"ty":4,"nm":"Shape Layer 8","sr":1,"st":0,"op":55,"ip":0,"hd":false,"ddd":0,"bm":0,"hasMask":false,"ao":0,"ks":{"a":{"a":1,"k":[{"o":{"x":0,"y":0},"i":{"x":0.58,"y":1},"s":[4.5,4.5],"t":0},{"o":{"x":0,"y":0},"i":{"x":0.58,"y":1},"s":[4.5,4.5],"t":18},{"o":{"x":0,"y":0},"i":{"x":0.58,"y":1},"s":[4.5,4.5],"t":36},{"s":[4.5,4.5],"t":54}]},"s":{"a":1,"k":[{"o":{"x":0,"y":0},"i":{"x":0.58,"y":1},"s":[100,100],"t":0},{"o":{"x":0,"y":0},"i":{"x":0.58,"y":1},"s":[100,100],"t":18},{"o":{"x":0,"y":0},"i":{"x":0.58,"y":1},"s":[100,100],"t":36},{"s":[100,100],"t":54}]},"sk":{"a":0,"k":0},"p":{"a":1,"k":[{"o":{"x":0,"y":0},"i":{"x":0.58,"y":1},"s":[86.5,62.5],"t":0},{"o":{"x":0,"y":0},"i":{"x":0.58,"y":1},"s":[86.5,62.5],"t":18},{"o":{"x":0,"y":0},"i":{"x":0.58,"y":1},"s":[86.5,27.5],"t":36},{"s":[79.5,20.5],"t":54}]},"r":{"a":1,"k":[{"o":{"x":0,"y":0},"i":{"x":0.58,"y":1},"s":[0],"t":0},{"o":{"x":0,"y":0},"i":{"x":0.58,"y":1},"s":[0],"t":18},{"o":{"x":0,"y":0},"i":{"x":0.58,"y":1},"s":[0],"t":36},{"s":[0],"t":54}]},"sa":{"a":0,"k":0},"o":{"a":1,"k":[{"o":{"x":0,"y":0},"i":{"x":0.58,"y":1},"s":[100],"t":0},{"o":{"x":0,"y":0},"i":{"x":0.58,"y":1},"s":[100],"t":18},{"o":{"x":0,"y":0},"i":{"x":0.58,"y":1},"s":[100],"t":36},{"s":[0],"t":54}]}},"shapes":[{"ty":"sh","bm":0,"hd":false,"nm":"Path 8","d":1,"ks":{"a":1,"k":[{"o":{"x":0,"y":0},"i":{"x":0.58,"y":1},"s":[{"c":true,"i":[[-2.48,0],[0,-2.48],[2.48,0],[0,2.48]],"o":[[2.48,0],[0,2.48],[-2.48,0],[0,-2.48]],"v":[[4.5,0],[9,4.5],[4.5,9],[0,4.5]]}],"t":0},{"o":{"x":0,"y":0},"i":{"x":0.58,"y":1},"s":[{"c":true,"i":[[-2.48,0],[0,-2.48],[2.48,0],[0,2.48]],"o":[[2.48,0],[0,2.48],[-2.48,0],[0,-2.48]],"v":[[4.5,0],[9,4.5],[4.5,9],[0,4.5]]}],"t":18},{"o":{"x":0,"y":0},"i":{"x":0.58,"y":1},"s":[{"c":true,"i":[[-2.48,0],[0,-2.48],[2.48,0],[0,2.48]],"o":[[2.48,0],[0,2.48],[-2.48,0],[0,-2.48]],"v":[[4.5,0],[9,4.5],[4.5,9],[0,4.5]]}],"t":36},{"s":[{"c":true,"i":[[-2.48,0],[0,-2.48],[2.48,0],[0,2.48]],"o":[[2.48,0],[0,2.48],[-2.48,0],[0,-2.48]],"v":[[4.5,0],[9,4.5],[4.5,9],[0,4.5]]}],"t":54}]}},{"ty":"fl","bm":0,"hd":false,"nm":"Fill","c":{"a":1,"k":[{"o":{"x":0,"y":0},"i":{"x":0.58,"y":1},"s":[0.1725,0.451,0.851],"t":0},{"o":{"x":0,"y":0},"i":{"x":0.58,"y":1},"s":[0.1725,0.451,0.851],"t":18},{"o":{"x":0,"y":0},"i":{"x":0.58,"y":1},"s":[0.1725,0.451,0.851],"t":36},{"s":[0.1725,0.451,0.851],"t":54}]},"r":1,"o":{"a":1,"k":[{"o":{"x":0,"y":0},"i":{"x":0.58,"y":1},"s":[100],"t":0},{"o":{"x":0,"y":0},"i":{"x":0.58,"y":1},"s":[100],"t":18},{"o":{"x":0,"y":0},"i":{"x":0.58,"y":1},"s":[100],"t":36},{"s":[100],"t":54}]}}],"ind":8},{"ty":4,"nm":"Shape Layer 9","sr":1,"st":0,"op":55,"ip":0,"hd":false,"ddd":0,"bm":0,"hasMask":false,"ao":0,"ks":{"a":{"a":1,"k":[{"o":{"x":0,"y":0},"i":{"x":0.58,"y":1},"s":[4.5,4.5],"t":0},{"o":{"x":0,"y":0},"i":{"x":0.58,"y":1},"s":[4.5,4.5],"t":18},{"o":{"x":0,"y":0},"i":{"x":0.58,"y":1},"s":[4.5,4.5],"t":36},{"s":[4.5,4.5],"t":54}]},"s":{"a":1,"k":[{"o":{"x":0,"y":0},"i":{"x":0.58,"y":1},"s":[100,100],"t":0},{"o":{"x":0,"y":0},"i":{"x":0.58,"y":1},"s":[100,100],"t":18},{"o":{"x":0,"y":0},"i":{"x":0.58,"y":1},"s":[100,100],"t":36},{"s":[100,100],"t":54}]},"sk":{"a":0,"k":0},"p":{"a":1,"k":[{"o":{"x":0,"y":0},"i":{"x":0.58,"y":1},"s":[67.5,84.5],"t":0},{"o":{"x":0,"y":0},"i":{"x":0.58,"y":1},"s":[67.5,84.5],"t":18},{"o":{"x":0,"y":0},"i":{"x":0.58,"y":1},"s":[41.5,76.5],"t":36},{"s":[27.5,73.5],"t":54}]},"r":{"a":1,"k":[{"o":{"x":0,"y":0},"i":{"x":0.58,"y":1},"s":[0],"t":0},{"o":{"x":0,"y":0},"i":{"x":0.58,"y":1},"s":[0],"t":18},{"o":{"x":0,"y":0},"i":{"x":0.58,"y":1},"s":[0],"t":36},{"s":[0],"t":54}]},"sa":{"a":0,"k":0},"o":{"a":1,"k":[{"o":{"x":0,"y":0},"i":{"x":0.58,"y":1},"s":[100],"t":0},{"o":{"x":0,"y":0},"i":{"x":0.58,"y":1},"s":[100],"t":18},{"o":{"x":0,"y":0},"i":{"x":0.58,"y":1},"s":[100],"t":36},{"s":[0],"t":54}]}},"shapes":[{"ty":"sh","bm":0,"hd":false,"nm":"Path 9","d":1,"ks":{"a":1,"k":[{"o":{"x":0,"y":0},"i":{"x":0.58,"y":1},"s":[{"c":true,"i":[[-2.48,0],[0,-2.48],[2.48,0],[0,2.48]],"o":[[2.48,0],[0,2.48],[-2.48,0],[0,-2.48]],"v":[[4.5,0],[9,4.5],[4.5,9],[0,4.5]]}],"t":0},{"o":{"x":0,"y":0},"i":{"x":0.58,"y":1},"s":[{"c":true,"i":[[-2.48,0],[0,-2.48],[2.48,0],[0,2.48]],"o":[[2.48,0],[0,2.48],[-2.48,0],[0,-2.48]],"v":[[4.5,0],[9,4.5],[4.5,9],[0,4.5]]}],"t":18},{"o":{"x":0,"y":0},"i":{"x":0.58,"y":1},"s":[{"c":true,"i":[[-2.48,0],[0,-2.48],[2.48,0],[0,2.48]],"o":[[2.48,0],[0,2.48],[-2.48,0],[0,-2.48]],"v":[[4.5,0],[9,4.5],[4.5,9],[0,4.5]]}],"t":36},{"s":[{"c":true,"i":[[-2.48,0],[0,-2.48],[2.48,0],[0,2.48]],"o":[[2.48,0],[0,2.48],[-2.48,0],[0,-2.48]],"v":[[4.5,0],[9,4.5],[4.5,9],[0,4.5]]}],"t":54}]}},{"ty":"fl","bm":0,"hd":false,"nm":"Fill","c":{"a":1,"k":[{"o":{"x":0,"y":0},"i":{"x":0.58,"y":1},"s":[1,0.6863,0],"t":0},{"o":{"x":0,"y":0},"i":{"x":0.58,"y":1},"s":[1,0.6863,0],"t":18},{"o":{"x":0,"y":0},"i":{"x":0.58,"y":1},"s":[1,0.6863,0],"t":36},{"s":[1,0.6863,0],"t":54}]},"r":1,"o":{"a":1,"k":[{"o":{"x":0,"y":0},"i":{"x":0.58,"y":1},"s":[100],"t":0},{"o":{"x":0,"y":0},"i":{"x":0.58,"y":1},"s":[100],"t":18},{"o":{"x":0,"y":0},"i":{"x":0.58,"y":1},"s":[100],"t":36},{"s":[100],"t":54}]}}],"ind":9},{"ty":4,"nm":"Shape Layer 10","sr":1,"st":0,"op":55,"ip":0,"hd":false,"ddd":0,"bm":0,"hasMask":false,"ao":0,"ks":{"a":{"a":1,"k":[{"o":{"x":0,"y":0},"i":{"x":0.58,"y":1},"s":[5,6.5],"t":0},{"o":{"x":0,"y":0},"i":{"x":0.58,"y":1},"s":[5,6.5],"t":18},{"o":{"x":0,"y":0},"i":{"x":0.58,"y":1},"s":[5,6.5],"t":36},{"s":[5,6.5],"t":54}]},"s":{"a":1,"k":[{"o":{"x":0,"y":0},"i":{"x":0.58,"y":1},"s":[100,100],"t":0},{"o":{"x":0,"y":0},"i":{"x":0.58,"y":1},"s":[100,100],"t":18},{"o":{"x":0,"y":0},"i":{"x":0.58,"y":1},"s":[100,100],"t":36},{"s":[100,100],"t":54}]},"sk":{"a":0,"k":0},"p":{"a":1,"k":[{"o":{"x":0,"y":0},"i":{"x":0.58,"y":1},"s":[119,121.5],"t":0},{"o":{"x":0,"y":0},"i":{"x":0.58,"y":1},"s":[119,121.5],"t":18},{"o":{"x":0,"y":0},"i":{"x":0.58,"y":1},"s":[146,152.5],"t":36},{"s":[154,160.5],"t":54}]},"r":{"a":1,"k":[{"o":{"x":0,"y":0},"i":{"x":0.58,"y":1},"s":[0],"t":0},{"o":{"x":0,"y":0},"i":{"x":0.58,"y":1},"s":[0],"t":18},{"o":{"x":0,"y":0},"i":{"x":0.58,"y":1},"s":[0],"t":36},{"s":[0],"t":54}]},"sa":{"a":0,"k":0},"o":{"a":1,"k":[{"o":{"x":0,"y":0},"i":{"x":0.58,"y":1},"s":[100],"t":0},{"o":{"x":0,"y":0},"i":{"x":0.58,"y":1},"s":[100],"t":18},{"o":{"x":0,"y":0},"i":{"x":0.58,"y":1},"s":[100],"t":36},{"s":[0],"t":54}]}},"shapes":[{"ty":"sh","bm":0,"hd":false,"nm":"Path 10","d":1,"ks":{"a":1,"k":[{"o":{"x":0,"y":0},"i":{"x":0.58,"y":1},"s":[{"c":false,"i":[[0,0],[-1.73,-9.82]],"o":[[3.28,0.91],[0,0]],"v":[[0,0],[12,15]]}],"t":0},{"o":{"x":0,"y":0},"i":{"x":0.58,"y":1},"s":[{"c":false,"i":[[0,0],[-1.73,-9.82]],"o":[[3.28,0.91],[0,0]],"v":[[0,0],[12,15]]}],"t":18},{"o":{"x":0,"y":0},"i":{"x":0.58,"y":1},"s":[{"c":false,"i":[[0,0],[-1.73,-9.82]],"o":[[3.28,0.91],[0,0]],"v":[[0,0],[12,15]]}],"t":36},{"s":[{"c":false,"i":[[0,0],[-1.73,-9.82]],"o":[[3.28,0.91],[0,0]],"v":[[0,0],[12,15]]}],"t":54}]}},{"ty":"st","bm":0,"hd":false,"nm":"Stroke","lc":2,"lj":1,"ml":4,"o":{"a":1,"k":[{"o":{"x":0,"y":0},"i":{"x":0.58,"y":1},"s":[100],"t":0},{"o":{"x":0,"y":0},"i":{"x":0.58,"y":1},"s":[100],"t":18},{"o":{"x":0,"y":0},"i":{"x":0.58,"y":1},"s":[100],"t":36},{"s":[100],"t":54}]},"w":{"a":1,"k":[{"o":{"x":0,"y":0},"i":{"x":0.58,"y":1},"s":[4],"t":0},{"o":{"x":0,"y":0},"i":{"x":0.58,"y":1},"s":[4],"t":18},{"o":{"x":0,"y":0},"i":{"x":0.58,"y":1},"s":[4],"t":36},{"s":[4],"t":54}]},"c":{"a":1,"k":[{"o":{"x":0,"y":0},"i":{"x":0.58,"y":1},"s":[1,0.6863,0],"t":0},{"o":{"x":0,"y":0},"i":{"x":0.58,"y":1},"s":[1,0.6863,0],"t":18},{"o":{"x":0,"y":0},"i":{"x":0.58,"y":1},"s":[1,0.6863,0],"t":36},{"s":[1,0.6863,0],"t":54}]}}],"ind":10},{"ty":4,"nm":"Shape Layer 11","sr":1,"st":0,"op":55,"ip":0,"hd":false,"ddd":0,"bm":0,"hasMask":false,"ao":0,"ks":{"a":{"a":1,"k":[{"o":{"x":0,"y":0},"i":{"x":0.58,"y":1},"s":[4.92,3.82],"t":0},{"o":{"x":0,"y":0},"i":{"x":0.58,"y":1},"s":[4.92,3.82],"t":18},{"o":{"x":0,"y":0},"i":{"x":0.58,"y":1},"s":[11,11.5],"t":36},{"s":[11,11.5],"t":54}]},"s":{"a":1,"k":[{"o":{"x":0,"y":0},"i":{"x":0.58,"y":1},"s":[100,100],"t":0},{"o":{"x":0,"y":0},"i":{"x":0.58,"y":1},"s":[100,100],"t":18},{"o":{"x":0,"y":0},"i":{"x":0.58,"y":1},"s":[100,100],"t":36},{"s":[100,100],"t":54}]},"sk":{"a":0,"k":0},"p":{"a":1,"k":[{"o":{"x":0,"y":0},"i":{"x":0.58,"y":1},"s":[125.08,72.82],"t":0},{"o":{"x":0,"y":0},"i":{"x":0.58,"y":1},"s":[125.08,72.82],"t":18},{"o":{"x":0,"y":0},"i":{"x":0.58,"y":1},"s":[160,42.5],"t":36},{"s":[167,32.5],"t":54}]},"r":{"a":1,"k":[{"o":{"x":0,"y":0},"i":{"x":0.58,"y":1},"s":[0],"t":0},{"o":{"x":0,"y":0},"i":{"x":0.58,"y":1},"s":[0],"t":18},{"o":{"x":0,"y":0},"i":{"x":0.58,"y":1},"s":[0],"t":36},{"s":[0],"t":54}]},"sa":{"a":0,"k":0},"o":{"a":1,"k":[{"o":{"x":0,"y":0},"i":{"x":0.58,"y":1},"s":[100],"t":0},{"o":{"x":0,"y":0},"i":{"x":0.58,"y":1},"s":[100],"t":18},{"o":{"x":0,"y":0},"i":{"x":0.58,"y":1},"s":[100],"t":36},{"s":[0],"t":54}]}},"shapes":[{"ty":"sh","bm":0,"hd":false,"nm":"Path 11","d":1,"ks":{"a":1,"k":[{"o":{"x":0,"y":0},"i":{"x":0.58,"y":1},"s":[{"c":false,"i":[[0,0],[-7.86,7.38],[-1.86,0.32]],"o":[[3.5,-2.93],[1.5,-2.5],[0,0]],"v":[[2.83,8.5],[2.83,6.5],[11.83,0]]}],"t":0},{"o":{"x":0,"y":0},"i":{"x":0.58,"y":1},"s":[{"c":false,"i":[[0,0],[-7.86,7.38],[-1.86,0.32]],"o":[[3.5,-2.93],[1.5,-2.5],[0,0]],"v":[[2.83,8.5],[2.83,6.5],[11.83,0]]}],"t":18},{"o":{"x":0,"y":0},"i":{"x":0.58,"y":1},"s":[{"c":false,"i":[[0,0],[-2.46,10.13],[-1.86,0.32]],"o":[[4.1,0.45],[2.46,-10.13],[0,0]],"v":[[0,24.93],[15.36,13.62],[24,0]]}],"t":36},{"s":[{"c":false,"i":[[0,0],[-2.46,10.13],[-1.86,0.32]],"o":[[4.1,0.45],[2.46,-10.13],[0,0]],"v":[[0,24.93],[15.36,13.62],[24,0]]}],"t":54}]}},{"ty":"st","bm":0,"hd":false,"nm":"Stroke","lc":2,"lj":1,"ml":4,"o":{"a":1,"k":[{"o":{"x":0,"y":0},"i":{"x":0.58,"y":1},"s":[100],"t":0},{"o":{"x":0,"y":0},"i":{"x":0.58,"y":1},"s":[100],"t":18},{"o":{"x":0,"y":0},"i":{"x":0.58,"y":1},"s":[100],"t":36},{"s":[100],"t":54}]},"w":{"a":1,"k":[{"o":{"x":0,"y":0},"i":{"x":0.58,"y":1},"s":[4],"t":0},{"o":{"x":0,"y":0},"i":{"x":0.58,"y":1},"s":[4],"t":18},{"o":{"x":0,"y":0},"i":{"x":0.58,"y":1},"s":[4],"t":36},{"s":[4],"t":54}]},"c":{"a":1,"k":[{"o":{"x":0,"y":0},"i":{"x":0.58,"y":1},"s":[1,0.4,0.5098],"t":0},{"o":{"x":0,"y":0},"i":{"x":0.58,"y":1},"s":[1,0.4,0.5098],"t":18},{"o":{"x":0,"y":0},"i":{"x":0.58,"y":1},"s":[1,0.4,0.5098],"t":36},{"s":[1,0.4,0.5098],"t":54}]}}],"ind":11},{"ty":4,"nm":"Shape Layer 12","sr":1,"st":0,"op":55,"ip":0,"hd":false,"ddd":0,"bm":0,"hasMask":false,"ao":0,"ks":{"a":{"a":1,"k":[{"o":{"x":0,"y":0},"i":{"x":0.58,"y":1},"s":[15,10],"t":0},{"o":{"x":0,"y":0},"i":{"x":0.58,"y":1},"s":[15.5,7.79],"t":18},{"o":{"x":0,"y":0},"i":{"x":0.58,"y":1},"s":[15,10],"t":36},{"s":[15,10],"t":54}]},"s":{"a":1,"k":[{"o":{"x":0,"y":0},"i":{"x":0.58,"y":1},"s":[100,100],"t":0},{"o":{"x":0,"y":0},"i":{"x":0.58,"y":1},"s":[100,100],"t":18},{"o":{"x":0,"y":0},"i":{"x":0.58,"y":1},"s":[100,100],"t":36},{"s":[100,100],"t":54}]},"sk":{"a":0,"k":0},"p":{"a":1,"k":[{"o":{"x":0,"y":0},"i":{"x":0.58,"y":1},"s":[81,106],"t":0},{"o":{"x":0,"y":0},"i":{"x":0.58,"y":1},"s":[81.5,103.81],"t":18},{"o":{"x":0,"y":0},"i":{"x":0.58,"y":1},"s":[29,120],"t":36},{"s":[21,123],"t":54}]},"r":{"a":1,"k":[{"o":{"x":0,"y":0},"i":{"x":0.58,"y":1},"s":[0],"t":0},{"o":{"x":0,"y":0},"i":{"x":0.58,"y":1},"s":[0],"t":18},{"o":{"x":0,"y":0},"i":{"x":0.58,"y":1},"s":[0],"t":36},{"s":[0],"t":54}]},"sa":{"a":0,"k":0},"o":{"a":1,"k":[{"o":{"x":0,"y":0},"i":{"x":0.58,"y":1},"s":[100],"t":0},{"o":{"x":0,"y":0},"i":{"x":0.58,"y":1},"s":[100],"t":18},{"o":{"x":0,"y":0},"i":{"x":0.58,"y":1},"s":[100],"t":36},{"s":[0],"t":54}]}},"shapes":[{"ty":"sh","bm":0,"hd":false,"nm":"Path 12","d":1,"ks":{"a":1,"k":[{"o":{"x":0,"y":0},"i":{"x":0.58,"y":1},"s":[{"c":false,"i":[[0,0],[6.62,1.36],[0,0],[-6.62,-0.38],[6.44,-2.08],[2.45,2.02]],"o":[[-1.47,2.71],[-6.62,-1.36],[0,0],[6.24,0.36],[-5.15,1.66],[0,0]],"v":[[32,7.58],[19.31,14.01],[11.77,7.58],[16,0.01],[13.79,21.57],[0,17.6]]}],"t":0},{"o":{"x":0,"y":0},"i":{"x":0.58,"y":1},"s":[{"c":false,"i":[[0,0],[5.5,-1.92],[0,0],[6.1,-2.61],[1.17,-0.38],[3,-1.6]],"o":[[-1.47,2.71],[-6.38,2.23],[0,0],[-7,3],[-5.15,1.66],[0,0]],"v":[[33,0],[24,4.99],[20,6.99],[14.5,9.49],[7,13.49],[0,17.59]]}],"t":18},{"o":{"x":0,"y":0},"i":{"x":0.58,"y":1},"s":[{"c":false,"i":[[0,0],[6.62,1.36],[0,0],[-6.62,-0.38],[6.44,-2.08],[2.45,2.02]],"o":[[-1.47,2.71],[-6.62,-1.36],[0,0],[6.24,0.36],[-5.15,1.66],[0,0]],"v":[[32,7.58],[19.31,14.01],[11.77,7.58],[16,0.01],[13.79,21.57],[0,17.6]]}],"t":36},{"s":[{"c":false,"i":[[0,0],[6.62,1.36],[0,0],[-6.62,-0.38],[6.44,-2.08],[2.45,2.02]],"o":[[-1.47,2.71],[-6.62,-1.36],[0,0],[6.24,0.36],[-5.15,1.66],[0,0]],"v":[[32,7.58],[19.31,14.01],[11.77,7.58],[16,0.01],[13.79,21.57],[0,17.6]]}],"t":54}]}},{"ty":"st","bm":0,"hd":false,"nm":"Stroke","lc":2,"lj":1,"ml":4,"o":{"a":1,"k":[{"o":{"x":0,"y":0},"i":{"x":0.58,"y":1},"s":[100],"t":0},{"o":{"x":0,"y":0},"i":{"x":0.58,"y":1},"s":[100],"t":18},{"o":{"x":0,"y":0},"i":{"x":0.58,"y":1},"s":[100],"t":36},{"s":[100],"t":54}]},"w":{"a":1,"k":[{"o":{"x":0,"y":0},"i":{"x":0.58,"y":1},"s":[4],"t":0},{"o":{"x":0,"y":0},"i":{"x":0.58,"y":1},"s":[4],"t":18},{"o":{"x":0,"y":0},"i":{"x":0.58,"y":1},"s":[4],"t":36},{"s":[4],"t":54}]},"c":{"a":1,"k":[{"o":{"x":0,"y":0},"i":{"x":0.58,"y":1},"s":[0.1725,0.451,0.851],"t":0},{"o":{"x":0,"y":0},"i":{"x":0.58,"y":1},"s":[0.1725,0.451,0.851],"t":18},{"o":{"x":0,"y":0},"i":{"x":0.58,"y":1},"s":[0.1725,0.451,0.851],"t":36},{"s":[0.1725,0.451,0.851],"t":54}]}}],"ind":12},{"ty":0,"nm":"success","sr":1,"st":0,"op":55,"ip":0,"hd":true,"ddd":0,"bm":0,"hasMask":false,"ao":0,"ks":{"a":{"a":0,"k":[0,0]},"s":{"a":0,"k":[100,100]},"sk":{"a":0,"k":0},"p":{"a":0,"k":[69,92]},"r":{"a":0,"k":0},"sa":{"a":0,"k":0},"o":{"a":0,"k":100}},"w":101,"h":107,"refId":"precomp_newScene_1a019b8c-58f6-40c0-ad60-f1a4ba46f8b2","ind":13},{"ty":0,"nm":"success","sr":1,"st":0,"op":55,"ip":0,"hd":false,"ddd":0,"bm":0,"hasMask":false,"ao":0,"ks":{"a":{"a":0,"k":[47.22500000000001,77.69710000000003]},"s":{"a":1,"k":[{"o":{"x":0.167,"y":0.167},"i":{"x":0.833,"y":0.833},"s":[161,204],"t":54},{"s":[100,100],"t":99}]},"sk":{"a":0,"k":0},"p":{"a":0,"k":[102.225,162.6971]},"r":{"a":0,"k":0},"sa":{"a":0,"k":0},"o":{"a":0,"k":100}},"w":101,"h":107,"refId":"precomp_newScene_b282ea12-6158-4a90-9c6f-725aac8dd3be","ind":14}],"v":"5.7.0","fr":30,"op":55,"ip":0,"assets":[{"nm":"success","id":"precomp_newScene_1a019b8c-58f6-40c0-ad60-f1a4ba46f8b2","layers":[{"ty":4,"nm":"success","sr":1,"st":0,"op":55,"ip":0,"hd":true,"ddd":0,"bm":0,"hasMask":false,"ao":0,"ks":{"a":{"a":0,"k":[31.22500029206276,11.697050094604492]},"s":{"a":1,"k":[{"o":{"x":0.167,"y":0.167},"i":{"x":0.833,"y":0.833},"s":[96,-84],"t":34},{"o":{"x":0.167,"y":0.167},"i":{"x":0.833,"y":0.833},"s":[0,0],"t":42},{"s":[107,92],"t":87}]},"sk":{"a":0,"k":0},"p":{"a":1,"k":[{"o":{"x":0.167,"y":0.167},"i":{"x":0.833,"y":0.833},"s":[52.225,78.6971],"t":0},{"o":{"x":0.167,"y":0.167},"i":{"x":0.833,"y":0.833},"s":[70.83039969444275,78.6971],"t":1},{"o":{"x":0.167,"y":0.167},"i":{"x":0.833,"y":0.833},"s":[50,78.6971],"t":3},{"o":{"x":0.167,"y":0.167},"i":{"x":0.833,"y":0.833},"s":[70.83039969444275,78.6971],"t":6},{"s":[70.83039969444275,0.7420597737630175],"t":50}]},"r":{"a":0,"k":0},"sa":{"a":0,"k":0},"o":{"a":0,"k":100}},"shapes":[{"ty":"gr","bm":0,"hd":false,"nm":"s","it":[{"ty":"sh","bm":0,"hd":false,"nm":"s","d":1,"ks":{"a":0,"k":{"c":true,"i":[[0,0],[0,0],[0.5933333333333337,0.3933333333333344],[0.16000000000000134,0.7599999999999992],[0,0],[0,0],[-0.34666666666666873,-0.22666666666666657],[-0.5200000000000008,0],[0,0],[-0.36666666666666475,0.2599999999999992],[0,0.35999999999999943],[0,0],[0.853333333333334,0.20000000000000048],[0,0],[0,0],[0,1.22],[0,0],[-0.28000000000000114,0.379999999999999],[-0.4866666666666693,0.21333333333333293],[-0.6133333333333297,0],[0,0],[-0.4933333333333347,-0.39333333333333326],[-0.20000000000000284,-0.6133333333333333],[0,0],[0,0],[0.28000000000000114,0.2599999999999992],[0.5666666666666629,0],[0,0],[0.34666666666666873,-0.2400000000000008],[0,-0.366666666666666],[0,0],[-0.23333333333333428,-0.19333333333333394],[-0.5066666666666654,-0.11999999999999982],[0,0],[0,0],[-0.38000000000000017,-0.39333333333333326],[0,-0.5999999999999991],[0,0],[0.28666666666666646,-0.39999999999999974],[0.5200000000000008,-0.22666666666666657],[0.6866666666666674,0]],"o":[[0,0],[-0.8933333333333309,0],[-0.5933333333333337,-0.3866666666666667],[0,0],[0,0],[0.12666666666666515,0.47999999999999926],[0.346666666666664,0.22000000000000006],[0,0],[0.6066666666666691,0],[0.35999999999999943,-0.2600000000000004],[0,0],[0,-0.6000000000000002],[0,0],[0,0],[-1.5599999999999976,-0.3733333333333337],[0,0],[0,-0.5],[0.2799999999999964,-0.3866666666666673],[0.4933333333333347,-0.2133333333333335],[0,0],[0.9066666666666663,0],[0.5,0.39333333333333326],[0,0],[0,0],[-0.11999999999999982,-0.31333333333333374],[-0.2733333333333358,-0.25333333333333385],[0,0],[-0.5200000000000008,0],[-0.346666666666664,0.23999999999999963],[0,0],[0,0.3200000000000003],[0.23999999999999963,0.1999999999999993],[0,0],[0,0],[0.7933333333333318,0.18666666666666742],[0.38000000000000017,0.39333333333333326],[0,0],[0,0.5066666666666677],[-0.29333333333333184,0.39999999999999974],[-0.5133333333333354,0.23333333333333428],[0,0]],"v":[[58.16,16.19],[58.16,16.19],[55.93,15.6],[54.8,13.88],[54.8,13.88],[56.14,13.56],[56.85,14.62],[58.15,14.95],[58.15,14.95],[59.61,14.56],[60.15,13.63],[60.15,13.63],[58.87,12.43],[58.87,12.43],[57.41,12.09],[55.07,9.7],[55.07,9.7],[55.49,8.38],[56.64,7.48],[58.3,7.16],[58.3,7.16],[60.4,7.75],[61.45,9.26],[61.45,9.26],[60.17,9.59],[59.57,8.73],[58.31,8.35],[58.31,8.35],[57.01,8.71],[56.49,9.62],[56.49,9.62],[56.84,10.39],[57.96,10.87],[57.96,10.87],[59.28,11.18],[61.04,12.05],[61.61,13.54],[61.61,13.54],[61.18,14.9],[59.96,15.84],[58.16,16.19]]}}},{"ty":"fl","bm":0,"hd":false,"nm":"Fill","c":{"a":0,"k":[0.0627,0.5216,0.5961]},"r":1,"o":{"a":0,"k":100}},{"ty":"tr","a":{"a":0,"k":[58.204999923706055,11.69705009460449]},"s":{"a":0,"k":[100,100]},"sk":{"a":0,"k":0},"p":{"a":0,"k":[58.204999923706055,11.69705009460449]},"r":{"a":0,"k":0},"sa":{"a":0,"k":0},"o":{"a":0,"k":100}}]},{"ty":"gr","bm":0,"hd":false,"nm":"s","it":[{"ty":"sh","bm":0,"hd":false,"nm":"s","d":1,"ks":{"a":0,"k":{"c":true,"i":[[0,0],[0,0],[0.6000000000000038,0.3933333333333344],[0.15333333333333599,0.7599999999999992],[0,0],[0,0],[-0.346666666666664,-0.22666666666666657],[-0.5200000000000008,0],[0,0],[-0.35999999999999943,0.2599999999999992],[0,0.35999999999999943],[0,0],[0.853333333333334,0.20000000000000048],[0,0],[0,0],[0,1.22],[0,0],[-0.2799999999999964,0.379999999999999],[-0.4866666666666693,0.21333333333333293],[-0.6199999999999998,0],[0,0],[-0.5,-0.39333333333333326],[-0.1999999999999981,-0.6133333333333333],[0,0],[0,0],[0.2799999999999964,0.2599999999999992],[0.5600000000000023,0],[0,0],[0.34666666666666873,-0.2400000000000008],[0,-0.366666666666666],[0,0],[-0.23333333333333428,-0.19333333333333394],[-0.5133333333333354,-0.11999999999999982],[0,0],[0,0],[-0.38000000000000017,-0.39333333333333326],[0,-0.5999999999999991],[0,0],[0.28666666666666646,-0.39999999999999974],[0.519999999999996,-0.22666666666666657],[0.680000000000002,0]],"o":[[0,0],[-0.8933333333333309,0],[-0.5933333333333289,-0.3866666666666667],[0,0],[0,0],[0.11999999999999982,0.47999999999999926],[0.34666666666666873,0.22000000000000006],[0,0],[0.6133333333333297,0],[0.36000000000000415,-0.2600000000000004],[0,0],[0,-0.6000000000000002],[0,0],[0,0],[-1.5599999999999976,-0.3733333333333337],[0,0],[0,-0.5],[0.28000000000000114,-0.3866666666666673],[0.4866666666666646,-0.2133333333333335],[0,0],[0.9000000000000009,0],[0.4933333333333347,0.39333333333333326],[0,0],[0,0],[-0.11999999999999982,-0.31333333333333374],[-0.28000000000000114,-0.25333333333333385],[0,0],[-0.519999999999996,0],[-0.34666666666666873,0.23999999999999963],[0,0],[0,0.3200000000000003],[0.23333333333333428,0.1999999999999993],[0,0],[0,0],[0.7866666666666665,0.18666666666666742],[0.37999999999999545,0.39333333333333326],[0,0],[0,0.5066666666666677],[-0.28666666666666646,0.39999999999999974],[-0.5200000000000008,0.23333333333333428],[0,0]],"v":[[49.72,16.19],[49.72,16.19],[47.48,15.6],[46.36,13.88],[46.36,13.88],[47.7,13.56],[48.4,14.62],[49.7,14.95],[49.7,14.95],[51.16,14.56],[51.7,13.63],[51.7,13.63],[50.42,12.43],[50.42,12.43],[48.97,12.09],[46.63,9.7],[46.63,9.7],[47.05,8.38],[48.2,7.48],[49.86,7.16],[49.86,7.16],[51.96,7.75],[53,9.26],[53,9.26],[51.73,9.59],[51.13,8.73],[49.87,8.35],[49.87,8.35],[48.57,8.71],[48.05,9.62],[48.05,9.62],[48.4,10.39],[49.52,10.87],[49.52,10.87],[50.84,11.18],[52.59,12.05],[53.16,13.54],[53.16,13.54],[52.73,14.9],[51.52,15.84],[49.72,16.19]]}}},{"ty":"fl","bm":0,"hd":false,"nm":"Fill","c":{"a":0,"k":[0.0627,0.5216,0.5961]},"r":1,"o":{"a":0,"k":100}},{"ty":"tr","a":{"a":0,"k":[0,0]},"s":{"a":0,"k":[100,100]},"sk":{"a":0,"k":0},"p":{"a":0,"k":[0,0]},"r":{"a":0,"k":0},"sa":{"a":0,"k":0},"o":{"a":0,"k":100}}]},{"ty":"gr","bm":0,"hd":false,"nm":"e","it":[{"ty":"sh","bm":0,"hd":false,"nm":"e","d":1,"ks":{"a":0,"k":{"c":true,"i":[[0,0],[0,0],[0.6133333333333345,0.3733333333333337],[0.326666666666668,0.6733333333333332],[0,0.9000000000000009],[0,0],[-0.3199999999999979,0.6799999999999997],[-0.5933333333333337,0.3866666666666667],[-0.7933333333333318,0],[0,0],[-0.44666666666666305,-0.15333333333333302],[-0.3666666666666695,-0.34000000000000047],[-0.21999999999999886,-0.5599999999999999],[0,-0.8066666666666661],[0,0],[0,0],[0,0],[-0.4866666666666693,-0.48666666666666697],[-0.7733333333333358,0],[0,0],[-0.36666666666666475,0.22666666666666657],[-0.1599999999999966,0.4466666666666666],[0,0],[0,0],[0.6199999999999998,-0.4066666666666663],[0.8999999999999962,0]],"o":[[0,0],[-0.8400000000000034,0],[-0.6133333333333297,-0.38000000000000017],[-0.3333333333333333,-0.6666666666666666],[0,0],[0,-0.8933333333333332],[0.326666666666668,-0.6866666666666662],[0.5866666666666683,-0.38000000000000017],[0,0],[0.46666666666666856,0],[0.45333333333333314,0.15333333333333363],[0.36666666666666475,0.33999999999999986],[0.2133333333333335,0.5533333333333333],[0,0],[0,0],[0,0],[0.03999999999999678,0.913333333333334],[0.4866666666666646,0.48666666666666575],[0,0],[0.5200000000000008,0],[0.37333333333333485,-0.22666666666666657],[0,0],[0,0],[-0.20000000000000284,0.6600000000000001],[-0.6133333333333345,0.413333333333334],[0,0]],"v":[[41.09,16.19],[41.09,16.19],[38.91,15.63],[37.5,14.05],[37,11.7],[37,11.7],[37.48,9.34],[38.86,7.73],[40.93,7.16],[40.93,7.16],[42.3,7.39],[43.53,8.13],[44.41,9.48],[44.73,11.52],[44.73,11.52],[44.73,12.11],[38.42,12.11],[39.21,14.21],[41.1,14.94],[41.1,14.94],[42.43,14.6],[43.23,13.59],[43.23,13.59],[44.59,13.97],[43.36,15.57],[41.09,16.19]]}}},{"ty":"sh","bm":0,"hd":false,"nm":"e","d":1,"ks":{"a":0,"k":{"c":true,"i":[[0,0],[0,0],[0,0],[0.3933333333333356,0.46000000000000085],[0.7199999999999989,0],[0,0],[0.35999999999999943,-0.2333333333333331],[0.2066666666666682,-0.38000000000000017],[0.0266666666666661,-0.4466666666666666]],"o":[[0,0],[0,0],[-0.06666666666666288,-0.7466666666666661],[-0.40000000000000097,-0.4666666666666662],[0,0],[-0.5,0],[-0.36666666666666475,0.2333333333333331],[-0.2066666666666682,0.38000000000000017],[0,0]],"v":[[38.43,10.92],[38.43,10.92],[43.3,10.92],[42.61,9.11],[40.93,8.41],[40.93,8.41],[39.64,8.76],[38.78,9.68],[38.43,10.92]]}}},{"ty":"fl","bm":0,"hd":false,"nm":"Fill","c":{"a":0,"k":[0.0627,0.5216,0.5961]},"r":1,"o":{"a":0,"k":100}},{"ty":"tr","a":{"a":0,"k":[40.864999771118164,11.69705009460449]},"s":{"a":0,"k":[100,100]},"sk":{"a":0,"k":0},"p":{"a":0,"k":[40.864999771118164,11.69705009460449]},"r":{"a":0,"k":0},"sa":{"a":0,"k":0},"o":{"a":0,"k":100}}]},{"ty":"gr","bm":0,"hd":false,"nm":"c","it":[{"ty":"sh","bm":0,"hd":false,"nm":"c","d":1,"ks":{"a":0,"k":{"c":true,"i":[[0,0],[0,0],[0.5999999999999991,0.3733333333333337],[0.3333333333333333,0.6733333333333332],[0,0.8933333333333332],[0,0],[-0.3333333333333333,0.6799999999999997],[-0.5933333333333337,0.3733333333333331],[-0.7933333333333342,0],[0,0],[-0.6400000000000006,-0.41999999999999993],[-0.23999999999999963,-0.7600000000000003],[0,0],[0,0],[0.38000000000000017,0.28666666666666646],[0.5733333333333354,0],[0,0],[0.37333333333333485,-0.30666666666666603],[0.18666666666666742,-0.49333333333333346],[0,-0.586666666666666],[0,0],[-0.17999999999999972,-0.4933333333333323],[-0.37333333333333246,-0.30666666666666725],[-0.586666666666666,0],[0,0],[-0.38000000000000017,0.29999999999999954],[-0.1266666666666699,0.4733333333333327],[0,0],[0,0],[0.6399999999999958,-0.4400000000000001],[0.8533333333333317,0]],"o":[[0,0],[-0.7933333333333342,0],[-0.5933333333333337,-0.38000000000000017],[-0.3333333333333333,-0.6800000000000009],[0,0],[0,-0.9133333333333328],[0.3333333333333333,-0.6800000000000009],[0.5999999999999991,-0.3733333333333331],[0,0],[0.8400000000000011,0],[0.6400000000000006,0.42666666666666647],[0,0],[0,0],[-0.1266666666666699,-0.4466666666666666],[-0.37333333333333013,-0.293333333333333],[0,0],[-0.586666666666666,0],[-0.37333333333333246,0.30666666666666725],[-0.17999999999999972,0.49333333333333346],[0,0],[0,0.5733333333333341],[0.18666666666666742,0.48666666666666697],[0.37333333333333485,0.29999999999999954],[0,0],[0.586666666666666,0],[0.38666666666666555,-0.3000000000000007],[0,0],[0,0],[-0.23999999999999963,0.7799999999999999],[-0.6466666666666706,0.4400000000000013],[0,0]],"v":[[31.84,16.19],[31.84,16.19],[29.75,15.63],[28.36,14.05],[27.86,11.69],[27.86,11.69],[28.36,9.3],[29.75,7.72],[31.84,7.16],[31.84,7.16],[34.06,7.79],[35.38,9.57],[35.38,9.57],[34.02,9.95],[33.26,8.85],[31.84,8.41],[31.84,8.41],[30.4,8.87],[29.56,10.07],[29.29,11.69],[29.29,11.69],[29.56,13.29],[30.4,14.48],[31.84,14.93],[31.84,14.93],[33.29,14.48],[34.06,13.32],[34.06,13.32],[35.41,13.7],[34.09,15.53],[31.84,16.19]]}}},{"ty":"fl","bm":0,"hd":false,"nm":"Fill","c":{"a":0,"k":[0.0627,0.5216,0.5961]},"r":1,"o":{"a":0,"k":100}},{"ty":"tr","a":{"a":0,"k":[31.635000228881836,11.69705009460449]},"s":{"a":0,"k":[100,100]},"sk":{"a":0,"k":0},"p":{"a":0,"k":[31.635000228881836,11.69705009460449]},"r":{"a":0,"k":0},"sa":{"a":0,"k":0},"o":{"a":0,"k":100}}]},{"ty":"gr","bm":0,"hd":false,"nm":"c","it":[{"ty":"sh","bm":0,"hd":false,"nm":"c","d":1,"ks":{"a":0,"k":{"c":true,"i":[[0,0],[0,0],[0.6000000000000014,0.3733333333333337],[0.3333333333333333,0.6733333333333332],[0,0.8933333333333332],[0,0],[-0.3333333333333333,0.6799999999999997],[-0.5933333333333337,0.3733333333333331],[-0.7933333333333318,0],[0,0],[-0.6400000000000006,-0.41999999999999993],[-0.23333333333333428,-0.7600000000000003],[0,0],[0,0],[0.38000000000000017,0.28666666666666646],[0.5666666666666677,0],[0,0],[0.37333333333333246,-0.30666666666666603],[0.18666666666666507,-0.49333333333333346],[0,-0.586666666666666],[0,0],[-0.18000000000000208,-0.4933333333333323],[-0.37333333333333485,-0.30666666666666725],[-0.586666666666666,0],[0,0],[-0.38000000000000017,0.29999999999999954],[-0.1266666666666675,0.4733333333333327],[0,0],[0,0],[0.6400000000000006,-0.4400000000000001],[0.853333333333334,0]],"o":[[0,0],[-0.7933333333333318,0],[-0.5933333333333337,-0.38000000000000017],[-0.3333333333333333,-0.6800000000000009],[0,0],[0,-0.9133333333333328],[0.3333333333333333,-0.6800000000000009],[0.6000000000000014,-0.3733333333333331],[0,0],[0.8400000000000011,0],[0.6399999999999982,0.42666666666666647],[0,0],[0,0],[-0.12666666666666515,-0.4466666666666666],[-0.38000000000000017,-0.293333333333333],[0,0],[-0.586666666666666,0],[-0.37333333333333485,0.30666666666666725],[-0.18000000000000208,0.49333333333333346],[0,0],[0,0.5733333333333341],[0.18666666666666507,0.48666666666666697],[0.37333333333333246,0.29999999999999954],[0,0],[0.586666666666666,0],[0.3866666666666679,-0.3000000000000007],[0,0],[0,0],[-0.23999999999999963,0.7799999999999999],[-0.646666666666666,0.4400000000000013],[0,0]],"v":[[22.7,16.19],[22.7,16.19],[20.61,15.63],[19.22,14.05],[18.72,11.69],[18.72,11.69],[19.22,9.3],[20.61,7.72],[22.7,7.16],[22.7,7.16],[24.92,7.79],[26.23,9.57],[26.23,9.57],[24.88,9.95],[24.12,8.85],[22.7,8.41],[22.7,8.41],[21.26,8.87],[20.42,10.07],[20.15,11.69],[20.15,11.69],[20.42,13.29],[21.26,14.48],[22.7,14.93],[22.7,14.93],[24.15,14.48],[24.92,13.32],[24.92,13.32],[26.27,13.7],[24.95,15.53],[22.7,16.19]]}}},{"ty":"fl","bm":0,"hd":false,"nm":"Fill","c":{"a":0,"k":[0.0627,0.5216,0.5961]},"r":1,"o":{"a":0,"k":100}},{"ty":"tr","a":{"a":0,"k":[0,0]},"s":{"a":0,"k":[100,100]},"sk":{"a":0,"k":0},"p":{"a":0,"k":[0,0]},"r":{"a":0,"k":0},"sa":{"a":0,"k":0},"o":{"a":0,"k":100}}]},{"ty":"gr","bm":0,"hd":false,"nm":"u","it":[{"ty":"sh","bm":0,"hd":false,"nm":"u","d":1,"ks":{"a":0,"k":{"c":true,"i":[[0,0],[0,0],[0.5466666666666669,0.5466666666666669],[0,1.1066666666666667],[0,0],[0,0],[0,0],[0,0],[-0.3533333333333329,-0.38000000000000017],[-0.6066666666666668,0],[0,0],[-0.42000000000000054,0.4066666666666663],[0,0.7466666666666661],[0,0],[0,0],[0,0],[0,0],[0,0],[0,0],[0.46000000000000085,-0.2600000000000004],[0.5733333333333329,0]],"o":[[0,0],[-0.8800000000000002,0],[-0.5466666666666669,-0.5466666666666656],[0,0],[0,0],[0,0],[0,0],[0,0.6666666666666666],[0.3533333333333341,0.38000000000000017],[0,0],[0.6266666666666664,0],[0.4199999999999993,-0.40666666666666745],[0,0],[0,0],[0,0],[0,0],[0,0],[0,0],[-0.28666666666666646,0.6333333333333341],[-0.4599999999999997,0.2666666666666657],[0,0]],"v":[[12.64,16.11],[12.64,16.11],[10.5,15.29],[9.68,12.81],[9.68,12.81],[9.68,7.27],[11.09,7.27],[11.09,12.7],[11.62,14.27],[13.06,14.84],[13.06,14.84],[14.63,14.23],[15.26,12.5],[15.26,12.5],[15.26,7.27],[16.67,7.27],[16.67,16],[15.31,16],[15.31,14.37],[14.19,15.71],[12.64,16.11]]}}},{"ty":"fl","bm":0,"hd":false,"nm":"Fill","c":{"a":0,"k":[0.0627,0.5216,0.5961]},"r":1,"o":{"a":0,"k":100}},{"ty":"tr","a":{"a":0,"k":[0,0]},"s":{"a":0,"k":[100,100]},"sk":{"a":0,"k":0},"p":{"a":0,"k":[0,0]},"r":{"a":0,"k":0},"sa":{"a":0,"k":0},"o":{"a":0,"k":100}}]},{"ty":"gr","bm":0,"hd":false,"nm":"s","it":[{"ty":"sh","bm":0,"hd":false,"nm":"s","d":1,"ks":{"a":0,"k":{"c":true,"i":[[0,0],[0,0],[0.5933333333333333,0.3933333333333344],[0.16000000000000006,0.7599999999999992],[0,0],[0,0],[-0.3466666666666667,-0.22666666666666657],[-0.5200000000000001,0],[0,0],[-0.36000000000000004,0.2599999999999992],[0,0.35999999999999943],[0,0],[0.8533333333333335,0.20000000000000048],[0,0],[0,0],[0,1.22],[0,0],[-0.27999999999999997,0.379999999999999],[-0.4866666666666668,0.21333333333333293],[-0.6199999999999998,0],[0,0],[-0.49333333333333346,-0.39333333333333326],[-0.19333333333333336,-0.6133333333333333],[0,0],[0,0],[0.27999999999999997,0.2599999999999992],[0.566666666666667,0],[0,0],[0.3466666666666667,-0.2400000000000008],[0,-0.366666666666666],[0,0],[-0.2333333333333334,-0.19333333333333394],[-0.5133333333333333,-0.11999999999999982],[0,0],[0,0],[-0.38000000000000017,-0.39333333333333326],[0,-0.5999999999999991],[0,0],[0.2933333333333336,-0.39999999999999974],[0.5200000000000001,-0.22666666666666657],[0.6866666666666669,0]],"o":[[0,0],[-0.8933333333333335,0],[-0.5933333333333333,-0.3866666666666667],[0,0],[0,0],[0.12666666666666662,0.47999999999999926],[0.3466666666666667,0.22000000000000006],[0,0],[0.6066666666666661,0],[0.36666666666666714,-0.2600000000000004],[0,0],[0,-0.6000000000000002],[0,0],[0,0],[-1.5599999999999998,-0.3733333333333337],[0,0],[0,-0.5],[0.27999999999999997,-0.3866666666666673],[0.48666666666666664,-0.2133333333333335],[0,0],[0.9066666666666668,0],[0.5,0.39333333333333326],[0,0],[0,0],[-0.11999999999999982,-0.31333333333333374],[-0.27333333333333343,-0.25333333333333385],[0,0],[-0.5199999999999999,0],[-0.3466666666666667,0.23999999999999963],[0,0],[0,0.3200000000000003],[0.2333333333333334,0.1999999999999993],[0,0],[0,0],[0.793333333333333,0.18666666666666742],[0.38000000000000017,0.39333333333333326],[0,0],[0,0.5066666666666677],[-0.28666666666666646,0.39999999999999974],[-0.5133333333333331,0.23333333333333428],[0,0]],"v":[[4.2,16.19],[4.2,16.19],[1.97,15.6],[0.84,13.88],[0.84,13.88],[2.18,13.56],[2.89,14.62],[4.19,14.95],[4.19,14.95],[5.64,14.56],[6.19,13.63],[6.19,13.63],[4.91,12.43],[4.91,12.43],[3.45,12.09],[1.11,9.7],[1.11,9.7],[1.53,8.38],[2.68,7.48],[4.34,7.16],[4.34,7.16],[6.44,7.75],[7.48,9.26],[7.48,9.26],[6.21,9.59],[5.61,8.73],[4.35,8.35],[4.35,8.35],[3.05,8.71],[2.53,9.62],[2.53,9.62],[2.88,10.39],[4,10.87],[4,10.87],[5.32,11.18],[7.08,12.05],[7.65,13.54],[7.65,13.54],[7.21,14.9],[6,15.84],[4.2,16.19]]}}},{"ty":"fl","bm":0,"hd":false,"nm":"Fill","c":{"a":0,"k":[0.0627,0.5216,0.5961]},"r":1,"o":{"a":0,"k":100}},{"ty":"tr","a":{"a":0,"k":[0,0]},"s":{"a":0,"k":[100,100]},"sk":{"a":0,"k":0},"p":{"a":0,"k":[0,0]},"r":{"a":0,"k":0},"sa":{"a":0,"k":0},"o":{"a":0,"k":100}}]}],"ind":1}]},{"nm":"success","id":"precomp_newScene_b282ea12-6158-4a90-9c6f-725aac8dd3be","layers":[{"ty":4,"nm":"success","sr":1,"st":0,"op":55,"ip":0,"hd":false,"ddd":0,"bm":0,"hasMask":false,"ao":0,"ks":{"a":{"a":0,"k":[31.22500029206276,11.697050094604492]},"s":{"a":1,"k":[{"o":{"x":0.167,"y":0.167},"i":{"x":0.833,"y":0.833},"s":[70,67],"t":54},{"s":[76,108],"t":99}]},"sk":{"a":0,"k":0},"p":{"a":0,"k":[47.225,77.6971]},"r":{"a":0,"k":0},"sa":{"a":0,"k":0},"o":{"a":0,"k":100}},"shapes":[{"ty":"gr","bm":0,"hd":false,"nm":"s","it":[{"ty":"sh","bm":0,"hd":false,"nm":"s","d":1,"ks":{"a":0,"k":{"c":true,"i":[[0,0],[0,0],[0.5933333333333337,0.3933333333333344],[0.16000000000000134,0.7599999999999992],[0,0],[0,0],[-0.34666666666666873,-0.22666666666666657],[-0.5200000000000008,0],[0,0],[-0.36666666666666475,0.2599999999999992],[0,0.35999999999999943],[0,0],[0.853333333333334,0.20000000000000048],[0,0],[0,0],[0,1.22],[0,0],[-0.28000000000000114,0.379999999999999],[-0.4866666666666693,0.21333333333333293],[-0.6133333333333297,0],[0,0],[-0.4933333333333347,-0.39333333333333326],[-0.20000000000000284,-0.6133333333333333],[0,0],[0,0],[0.28000000000000114,0.2599999999999992],[0.5666666666666629,0],[0,0],[0.34666666666666873,-0.2400000000000008],[0,-0.366666666666666],[0,0],[-0.23333333333333428,-0.19333333333333394],[-0.5066666666666654,-0.11999999999999982],[0,0],[0,0],[-0.38000000000000017,-0.39333333333333326],[0,-0.5999999999999991],[0,0],[0.28666666666666646,-0.39999999999999974],[0.5200000000000008,-0.22666666666666657],[0.6866666666666674,0]],"o":[[0,0],[-0.8933333333333309,0],[-0.5933333333333337,-0.3866666666666667],[0,0],[0,0],[0.12666666666666515,0.47999999999999926],[0.346666666666664,0.22000000000000006],[0,0],[0.6066666666666691,0],[0.35999999999999943,-0.2600000000000004],[0,0],[0,-0.6000000000000002],[0,0],[0,0],[-1.5599999999999976,-0.3733333333333337],[0,0],[0,-0.5],[0.2799999999999964,-0.3866666666666673],[0.4933333333333347,-0.2133333333333335],[0,0],[0.9066666666666663,0],[0.5,0.39333333333333326],[0,0],[0,0],[-0.11999999999999982,-0.31333333333333374],[-0.2733333333333358,-0.25333333333333385],[0,0],[-0.5200000000000008,0],[-0.346666666666664,0.23999999999999963],[0,0],[0,0.3200000000000003],[0.23999999999999963,0.1999999999999993],[0,0],[0,0],[0.7933333333333318,0.18666666666666742],[0.38000000000000017,0.39333333333333326],[0,0],[0,0.5066666666666677],[-0.29333333333333184,0.39999999999999974],[-0.5133333333333354,0.23333333333333428],[0,0]],"v":[[58.16,16.19],[58.16,16.19],[55.93,15.6],[54.8,13.88],[54.8,13.88],[56.14,13.56],[56.85,14.62],[58.15,14.95],[58.15,14.95],[59.61,14.56],[60.15,13.63],[60.15,13.63],[58.87,12.43],[58.87,12.43],[57.41,12.09],[55.07,9.7],[55.07,9.7],[55.49,8.38],[56.64,7.48],[58.3,7.16],[58.3,7.16],[60.4,7.75],[61.45,9.26],[61.45,9.26],[60.17,9.59],[59.57,8.73],[58.31,8.35],[58.31,8.35],[57.01,8.71],[56.49,9.62],[56.49,9.62],[56.84,10.39],[57.96,10.87],[57.96,10.87],[59.28,11.18],[61.04,12.05],[61.61,13.54],[61.61,13.54],[61.18,14.9],[59.96,15.84],[58.16,16.19]]}}},{"ty":"fl","bm":0,"hd":false,"nm":"Fill","c":{"a":0,"k":[0.0314,0.7804,0.7137]},"r":1,"o":{"a":0,"k":100}},{"ty":"tr","a":{"a":0,"k":[0,0]},"s":{"a":0,"k":[100,100]},"sk":{"a":0,"k":0},"p":{"a":0,"k":[0,0]},"r":{"a":0,"k":0},"sa":{"a":0,"k":0},"o":{"a":0,"k":100}}]},{"ty":"gr","bm":0,"hd":false,"nm":"s","it":[{"ty":"sh","bm":0,"hd":false,"nm":"s","d":1,"ks":{"a":0,"k":{"c":true,"i":[[0,0],[0,0],[0.6000000000000038,0.3933333333333344],[0.15333333333333599,0.7599999999999992],[0,0],[0,0],[-0.346666666666664,-0.22666666666666657],[-0.5200000000000008,0],[0,0],[-0.35999999999999943,0.2599999999999992],[0,0.35999999999999943],[0,0],[0.853333333333334,0.20000000000000048],[0,0],[0,0],[0,1.22],[0,0],[-0.2799999999999964,0.379999999999999],[-0.4866666666666693,0.21333333333333293],[-0.6199999999999998,0],[0,0],[-0.5,-0.39333333333333326],[-0.1999999999999981,-0.6133333333333333],[0,0],[0,0],[0.2799999999999964,0.2599999999999992],[0.5600000000000023,0],[0,0],[0.34666666666666873,-0.2400000000000008],[0,-0.366666666666666],[0,0],[-0.23333333333333428,-0.19333333333333394],[-0.5133333333333354,-0.11999999999999982],[0,0],[0,0],[-0.38000000000000017,-0.39333333333333326],[0,-0.5999999999999991],[0,0],[0.28666666666666646,-0.39999999999999974],[0.519999999999996,-0.22666666666666657],[0.680000000000002,0]],"o":[[0,0],[-0.8933333333333309,0],[-0.5933333333333289,-0.3866666666666667],[0,0],[0,0],[0.11999999999999982,0.47999999999999926],[0.34666666666666873,0.22000000000000006],[0,0],[0.6133333333333297,0],[0.36000000000000415,-0.2600000000000004],[0,0],[0,-0.6000000000000002],[0,0],[0,0],[-1.5599999999999976,-0.3733333333333337],[0,0],[0,-0.5],[0.28000000000000114,-0.3866666666666673],[0.4866666666666646,-0.2133333333333335],[0,0],[0.9000000000000009,0],[0.4933333333333347,0.39333333333333326],[0,0],[0,0],[-0.11999999999999982,-0.31333333333333374],[-0.28000000000000114,-0.25333333333333385],[0,0],[-0.519999999999996,0],[-0.34666666666666873,0.23999999999999963],[0,0],[0,0.3200000000000003],[0.23333333333333428,0.1999999999999993],[0,0],[0,0],[0.7866666666666665,0.18666666666666742],[0.37999999999999545,0.39333333333333326],[0,0],[0,0.5066666666666677],[-0.28666666666666646,0.39999999999999974],[-0.5200000000000008,0.23333333333333428],[0,0]],"v":[[49.72,16.19],[49.72,16.19],[47.48,15.6],[46.36,13.88],[46.36,13.88],[47.7,13.56],[48.4,14.62],[49.7,14.95],[49.7,14.95],[51.16,14.56],[51.7,13.63],[51.7,13.63],[50.42,12.43],[50.42,12.43],[48.97,12.09],[46.63,9.7],[46.63,9.7],[47.05,8.38],[48.2,7.48],[49.86,7.16],[49.86,7.16],[51.96,7.75],[53,9.26],[53,9.26],[51.73,9.59],[51.13,8.73],[49.87,8.35],[49.87,8.35],[48.57,8.71],[48.05,9.62],[48.05,9.62],[48.4,10.39],[49.52,10.87],[49.52,10.87],[50.84,11.18],[52.59,12.05],[53.16,13.54],[53.16,13.54],[52.73,14.9],[51.52,15.84],[49.72,16.19]]}}},{"ty":"fl","bm":0,"hd":false,"nm":"Fill","c":{"a":0,"k":[0.0314,0.7804,0.7137]},"r":1,"o":{"a":0,"k":100}},{"ty":"tr","a":{"a":0,"k":[0,0]},"s":{"a":0,"k":[100,100]},"sk":{"a":0,"k":0},"p":{"a":0,"k":[0,0]},"r":{"a":0,"k":0},"sa":{"a":0,"k":0},"o":{"a":0,"k":100}}]},{"ty":"gr","bm":0,"hd":false,"nm":"e","it":[{"ty":"sh","bm":0,"hd":false,"nm":"e","d":1,"ks":{"a":0,"k":{"c":true,"i":[[0,0],[0,0],[0.6133333333333345,0.3733333333333337],[0.326666666666668,0.6733333333333332],[0,0.9000000000000009],[0,0],[-0.3199999999999979,0.6799999999999997],[-0.5933333333333337,0.3866666666666667],[-0.7933333333333318,0],[0,0],[-0.44666666666666305,-0.15333333333333302],[-0.3666666666666695,-0.34000000000000047],[-0.21999999999999886,-0.5599999999999999],[0,-0.8066666666666661],[0,0],[0,0],[0,0],[-0.4866666666666693,-0.48666666666666697],[-0.7733333333333358,0],[0,0],[-0.36666666666666475,0.22666666666666657],[-0.1599999999999966,0.4466666666666666],[0,0],[0,0],[0.6199999999999998,-0.4066666666666663],[0.8999999999999962,0]],"o":[[0,0],[-0.8400000000000034,0],[-0.6133333333333297,-0.38000000000000017],[-0.3333333333333333,-0.6666666666666666],[0,0],[0,-0.8933333333333332],[0.326666666666668,-0.6866666666666662],[0.5866666666666683,-0.38000000000000017],[0,0],[0.46666666666666856,0],[0.45333333333333314,0.15333333333333363],[0.36666666666666475,0.33999999999999986],[0.2133333333333335,0.5533333333333333],[0,0],[0,0],[0,0],[0.03999999999999678,0.913333333333334],[0.4866666666666646,0.48666666666666575],[0,0],[0.5200000000000008,0],[0.37333333333333485,-0.22666666666666657],[0,0],[0,0],[-0.20000000000000284,0.6600000000000001],[-0.6133333333333345,0.413333333333334],[0,0]],"v":[[41.09,16.19],[41.09,16.19],[38.91,15.63],[37.5,14.05],[37,11.7],[37,11.7],[37.48,9.34],[38.86,7.73],[40.93,7.16],[40.93,7.16],[42.3,7.39],[43.53,8.13],[44.41,9.48],[44.73,11.52],[44.73,11.52],[44.73,12.11],[38.42,12.11],[39.21,14.21],[41.1,14.94],[41.1,14.94],[42.43,14.6],[43.23,13.59],[43.23,13.59],[44.59,13.97],[43.36,15.57],[41.09,16.19]]}}},{"ty":"sh","bm":0,"hd":false,"nm":"e","d":1,"ks":{"a":0,"k":{"c":true,"i":[[0,0],[0,0],[0,0],[0.3933333333333356,0.46000000000000085],[0.7199999999999989,0],[0,0],[0.35999999999999943,-0.2333333333333331],[0.2066666666666682,-0.38000000000000017],[0.0266666666666661,-0.4466666666666666]],"o":[[0,0],[0,0],[-0.06666666666666288,-0.7466666666666661],[-0.40000000000000097,-0.4666666666666662],[0,0],[-0.5,0],[-0.36666666666666475,0.2333333333333331],[-0.2066666666666682,0.38000000000000017],[0,0]],"v":[[38.43,10.92],[38.43,10.92],[43.3,10.92],[42.61,9.11],[40.93,8.41],[40.93,8.41],[39.64,8.76],[38.78,9.68],[38.43,10.92]]}}},{"ty":"fl","bm":0,"hd":false,"nm":"Fill","c":{"a":0,"k":[0.0314,0.7804,0.7137]},"r":1,"o":{"a":0,"k":100}},{"ty":"tr","a":{"a":0,"k":[0,0]},"s":{"a":0,"k":[100,100]},"sk":{"a":0,"k":0},"p":{"a":0,"k":[0,0]},"r":{"a":0,"k":0},"sa":{"a":0,"k":0},"o":{"a":0,"k":100}}]},{"ty":"gr","bm":0,"hd":false,"nm":"c","it":[{"ty":"sh","bm":0,"hd":false,"nm":"c","d":1,"ks":{"a":0,"k":{"c":true,"i":[[0,0],[0,0],[0.5999999999999991,0.3733333333333337],[0.3333333333333333,0.6733333333333332],[0,0.8933333333333332],[0,0],[-0.3333333333333333,0.6799999999999997],[-0.5933333333333337,0.3733333333333331],[-0.7933333333333342,0],[0,0],[-0.6400000000000006,-0.41999999999999993],[-0.23999999999999963,-0.7600000000000003],[0,0],[0,0],[0.38000000000000017,0.28666666666666646],[0.5733333333333354,0],[0,0],[0.37333333333333485,-0.30666666666666603],[0.18666666666666742,-0.49333333333333346],[0,-0.586666666666666],[0,0],[-0.17999999999999972,-0.4933333333333323],[-0.37333333333333246,-0.30666666666666725],[-0.586666666666666,0],[0,0],[-0.38000000000000017,0.29999999999999954],[-0.1266666666666699,0.4733333333333327],[0,0],[0,0],[0.6399999999999958,-0.4400000000000001],[0.8533333333333317,0]],"o":[[0,0],[-0.7933333333333342,0],[-0.5933333333333337,-0.38000000000000017],[-0.3333333333333333,-0.6800000000000009],[0,0],[0,-0.9133333333333328],[0.3333333333333333,-0.6800000000000009],[0.5999999999999991,-0.3733333333333331],[0,0],[0.8400000000000011,0],[0.6400000000000006,0.42666666666666647],[0,0],[0,0],[-0.1266666666666699,-0.4466666666666666],[-0.37333333333333013,-0.293333333333333],[0,0],[-0.586666666666666,0],[-0.37333333333333246,0.30666666666666725],[-0.17999999999999972,0.49333333333333346],[0,0],[0,0.5733333333333341],[0.18666666666666742,0.48666666666666697],[0.37333333333333485,0.29999999999999954],[0,0],[0.586666666666666,0],[0.38666666666666555,-0.3000000000000007],[0,0],[0,0],[-0.23999999999999963,0.7799999999999999],[-0.6466666666666706,0.4400000000000013],[0,0]],"v":[[31.84,16.19],[31.84,16.19],[29.75,15.63],[28.36,14.05],[27.86,11.69],[27.86,11.69],[28.36,9.3],[29.75,7.72],[31.84,7.16],[31.84,7.16],[34.06,7.79],[35.38,9.57],[35.38,9.57],[34.02,9.95],[33.26,8.85],[31.84,8.41],[31.84,8.41],[30.4,8.87],[29.56,10.07],[29.29,11.69],[29.29,11.69],[29.56,13.29],[30.4,14.48],[31.84,14.93],[31.84,14.93],[33.29,14.48],[34.06,13.32],[34.06,13.32],[35.41,13.7],[34.09,15.53],[31.84,16.19]]}}},{"ty":"fl","bm":0,"hd":false,"nm":"Fill","c":{"a":0,"k":[0.0314,0.7804,0.7137]},"r":1,"o":{"a":0,"k":100}},{"ty":"tr","a":{"a":0,"k":[0,0]},"s":{"a":0,"k":[100,100]},"sk":{"a":0,"k":0},"p":{"a":0,"k":[0,0]},"r":{"a":0,"k":0},"sa":{"a":0,"k":0},"o":{"a":0,"k":100}}]},{"ty":"gr","bm":0,"hd":false,"nm":"c","it":[{"ty":"sh","bm":0,"hd":false,"nm":"c","d":1,"ks":{"a":0,"k":{"c":true,"i":[[0,0],[0,0],[0.6000000000000014,0.3733333333333337],[0.3333333333333333,0.6733333333333332],[0,0.8933333333333332],[0,0],[-0.3333333333333333,0.6799999999999997],[-0.5933333333333337,0.3733333333333331],[-0.7933333333333318,0],[0,0],[-0.6400000000000006,-0.41999999999999993],[-0.23333333333333428,-0.7600000000000003],[0,0],[0,0],[0.38000000000000017,0.28666666666666646],[0.5666666666666677,0],[0,0],[0.37333333333333246,-0.30666666666666603],[0.18666666666666507,-0.49333333333333346],[0,-0.586666666666666],[0,0],[-0.18000000000000208,-0.4933333333333323],[-0.37333333333333485,-0.30666666666666725],[-0.586666666666666,0],[0,0],[-0.38000000000000017,0.29999999999999954],[-0.1266666666666675,0.4733333333333327],[0,0],[0,0],[0.6400000000000006,-0.4400000000000001],[0.853333333333334,0]],"o":[[0,0],[-0.7933333333333318,0],[-0.5933333333333337,-0.38000000000000017],[-0.3333333333333333,-0.6800000000000009],[0,0],[0,-0.9133333333333328],[0.3333333333333333,-0.6800000000000009],[0.6000000000000014,-0.3733333333333331],[0,0],[0.8400000000000011,0],[0.6399999999999982,0.42666666666666647],[0,0],[0,0],[-0.12666666666666515,-0.4466666666666666],[-0.38000000000000017,-0.293333333333333],[0,0],[-0.586666666666666,0],[-0.37333333333333485,0.30666666666666725],[-0.18000000000000208,0.49333333333333346],[0,0],[0,0.5733333333333341],[0.18666666666666507,0.48666666666666697],[0.37333333333333246,0.29999999999999954],[0,0],[0.586666666666666,0],[0.3866666666666679,-0.3000000000000007],[0,0],[0,0],[-0.23999999999999963,0.7799999999999999],[-0.646666666666666,0.4400000000000013],[0,0]],"v":[[22.7,16.19],[22.7,16.19],[20.61,15.63],[19.22,14.05],[18.72,11.69],[18.72,11.69],[19.22,9.3],[20.61,7.72],[22.7,7.16],[22.7,7.16],[24.92,7.79],[26.23,9.57],[26.23,9.57],[24.88,9.95],[24.12,8.85],[22.7,8.41],[22.7,8.41],[21.26,8.87],[20.42,10.07],[20.15,11.69],[20.15,11.69],[20.42,13.29],[21.26,14.48],[22.7,14.93],[22.7,14.93],[24.15,14.48],[24.92,13.32],[24.92,13.32],[26.27,13.7],[24.95,15.53],[22.7,16.19]]}}},{"ty":"fl","bm":0,"hd":false,"nm":"Fill","c":{"a":0,"k":[0.0314,0.7804,0.7137]},"r":1,"o":{"a":0,"k":100}},{"ty":"tr","a":{"a":0,"k":[0,0]},"s":{"a":0,"k":[100,100]},"sk":{"a":0,"k":0},"p":{"a":0,"k":[0,0]},"r":{"a":0,"k":0},"sa":{"a":0,"k":0},"o":{"a":0,"k":100}}]},{"ty":"gr","bm":0,"hd":false,"nm":"u","it":[{"ty":"sh","bm":0,"hd":false,"nm":"u","d":1,"ks":{"a":0,"k":{"c":true,"i":[[0,0],[0,0],[0.5466666666666669,0.5466666666666669],[0,1.1066666666666667],[0,0],[0,0],[0,0],[0,0],[-0.3533333333333329,-0.38000000000000017],[-0.6066666666666668,0],[0,0],[-0.42000000000000054,0.4066666666666663],[0,0.7466666666666661],[0,0],[0,0],[0,0],[0,0],[0,0],[0,0],[0.46000000000000085,-0.2600000000000004],[0.5733333333333329,0]],"o":[[0,0],[-0.8800000000000002,0],[-0.5466666666666669,-0.5466666666666656],[0,0],[0,0],[0,0],[0,0],[0,0.6666666666666666],[0.3533333333333341,0.38000000000000017],[0,0],[0.6266666666666664,0],[0.4199999999999993,-0.40666666666666745],[0,0],[0,0],[0,0],[0,0],[0,0],[0,0],[-0.28666666666666646,0.6333333333333341],[-0.4599999999999997,0.2666666666666657],[0,0]],"v":[[12.64,16.11],[12.64,16.11],[10.5,15.29],[9.68,12.81],[9.68,12.81],[9.68,7.27],[11.09,7.27],[11.09,12.7],[11.62,14.27],[13.06,14.84],[13.06,14.84],[14.63,14.23],[15.26,12.5],[15.26,12.5],[15.26,7.27],[16.67,7.27],[16.67,16],[15.31,16],[15.31,14.37],[14.19,15.71],[12.64,16.11]]}}},{"ty":"fl","bm":0,"hd":false,"nm":"Fill","c":{"a":0,"k":[0.0314,0.7804,0.7137]},"r":1,"o":{"a":0,"k":100}},{"ty":"tr","a":{"a":0,"k":[0,0]},"s":{"a":0,"k":[100,100]},"sk":{"a":0,"k":0},"p":{"a":0,"k":[0,0]},"r":{"a":0,"k":0},"sa":{"a":0,"k":0},"o":{"a":0,"k":100}}]},{"ty":"gr","bm":0,"hd":false,"nm":"s","it":[{"ty":"sh","bm":0,"hd":false,"nm":"s","d":1,"ks":{"a":0,"k":{"c":true,"i":[[0,0],[0,0],[0.5933333333333333,0.3933333333333344],[0.16000000000000006,0.7599999999999992],[0,0],[0,0],[-0.3466666666666667,-0.22666666666666657],[-0.5200000000000001,0],[0,0],[-0.36000000000000004,0.2599999999999992],[0,0.35999999999999943],[0,0],[0.8533333333333335,0.20000000000000048],[0,0],[0,0],[0,1.22],[0,0],[-0.27999999999999997,0.379999999999999],[-0.4866666666666668,0.21333333333333293],[-0.6199999999999998,0],[0,0],[-0.49333333333333346,-0.39333333333333326],[-0.19333333333333336,-0.6133333333333333],[0,0],[0,0],[0.27999999999999997,0.2599999999999992],[0.566666666666667,0],[0,0],[0.3466666666666667,-0.2400000000000008],[0,-0.366666666666666],[0,0],[-0.2333333333333334,-0.19333333333333394],[-0.5133333333333333,-0.11999999999999982],[0,0],[0,0],[-0.38000000000000017,-0.39333333333333326],[0,-0.5999999999999991],[0,0],[0.2933333333333336,-0.39999999999999974],[0.5200000000000001,-0.22666666666666657],[0.6866666666666669,0]],"o":[[0,0],[-0.8933333333333335,0],[-0.5933333333333333,-0.3866666666666667],[0,0],[0,0],[0.12666666666666662,0.47999999999999926],[0.3466666666666667,0.22000000000000006],[0,0],[0.6066666666666661,0],[0.36666666666666714,-0.2600000000000004],[0,0],[0,-0.6000000000000002],[0,0],[0,0],[-1.5599999999999998,-0.3733333333333337],[0,0],[0,-0.5],[0.27999999999999997,-0.3866666666666673],[0.48666666666666664,-0.2133333333333335],[0,0],[0.9066666666666668,0],[0.5,0.39333333333333326],[0,0],[0,0],[-0.11999999999999982,-0.31333333333333374],[-0.27333333333333343,-0.25333333333333385],[0,0],[-0.5199999999999999,0],[-0.3466666666666667,0.23999999999999963],[0,0],[0,0.3200000000000003],[0.2333333333333334,0.1999999999999993],[0,0],[0,0],[0.793333333333333,0.18666666666666742],[0.38000000000000017,0.39333333333333326],[0,0],[0,0.5066666666666677],[-0.28666666666666646,0.39999999999999974],[-0.5133333333333331,0.23333333333333428],[0,0]],"v":[[4.2,16.19],[4.2,16.19],[1.97,15.6],[0.84,13.88],[0.84,13.88],[2.18,13.56],[2.89,14.62],[4.19,14.95],[4.19,14.95],[5.64,14.56],[6.19,13.63],[6.19,13.63],[4.91,12.43],[4.91,12.43],[3.45,12.09],[1.11,9.7],[1.11,9.7],[1.53,8.38],[2.68,7.48],[4.34,7.16],[4.34,7.16],[6.44,7.75],[7.48,9.26],[7.48,9.26],[6.21,9.59],[5.61,8.73],[4.35,8.35],[4.35,8.35],[3.05,8.71],[2.53,9.62],[2.53,9.62],[2.88,10.39],[4,10.87],[4,10.87],[5.32,11.18],[7.08,12.05],[7.65,13.54],[7.65,13.54],[7.21,14.9],[6,15.84],[4.2,16.19]]}}},{"ty":"fl","bm":0,"hd":false,"nm":"Fill","c":{"a":0,"k":[0.0314,0.7804,0.7137]},"r":1,"o":{"a":0,"k":100}},{"ty":"tr","a":{"a":0,"k":[0,0]},"s":{"a":0,"k":[100,100]},"sk":{"a":0,"k":0},"p":{"a":0,"k":[0,0]},"r":{"a":0,"k":0},"sa":{"a":0,"k":0},"o":{"a":0,"k":100}}]}],"ind":1}]}]}